,lat_lon,timestamp,count
0,lat_36_02_lon_-5_36,2019-05-02,0.0
1,lat_36_02_lon_-5_36,2019-04-12,0.0
2,lat_36_02_lon_-5_36,2019-01-24,0.0
3,lat_36_02_lon_-5_36,2019-03-13,0.0
4,lat_36_02_lon_-5_36,2020-03-22,0.0
5,lat_36_02_lon_-5_36,2019-06-18,0.0
6,lat_36_02_lon_-5_36,2020-03-04,0.0
7,lat_36_02_lon_-5_36,2020-04-03,0.0
8,lat_36_02_lon_-5_36,2020-05-11,-1.0
9,lat_36_02_lon_-5_36,2019-05-19,0.0
10,lat_36_02_lon_-5_36,2019-05-24,0.0
11,lat_36_02_lon_-5_36,2019-06-23,0.0
12,lat_36_02_lon_-5_36,2020-02-01,0.0
13,lat_36_02_lon_-5_36,2020-01-19,0.0
14,lat_36_02_lon_-5_36,2019-01-02,0.0
15,lat_36_02_lon_-5_36,2019-04-14,0.0
16,lat_36_02_lon_-5_36,2019-06-21,0.0
17,lat_36_02_lon_-5_36,2019-01-17,-1.0
18,lat_36_02_lon_-5_36,2019-03-15,0.0
19,lat_36_02_lon_-5_36,2020-01-04,0.0
20,lat_36_02_lon_-5_36,2019-03-28,0.0
21,lat_36_02_lon_-5_36,2019-04-27,0.0
22,lat_36_02_lon_-5_36,2020-05-08,0.0
23,lat_36_02_lon_-5_36,2019-02-03,0.0
24,lat_36_02_lon_-5_36,2019-03-20,0.0
25,lat_36_02_lon_-5_36,2019-01-04,0.0
26,lat_36_02_lon_-5_36,2019-03-23,0.0
27,lat_36_02_lon_-5_36,2019-01-07,0.0
28,lat_36_02_lon_-5_36,2019-06-11,0.0
29,lat_36_02_lon_-5_36,2019-04-04,0.0
30,lat_36_02_lon_-5_36,2019-02-06,0.0
31,lat_36_02_lon_-5_36,2020-05-03,0.0
32,lat_36_02_lon_-5_36,2019-05-29,0.0
33,lat_36_02_lon_-5_36,2019-06-28,0.0
34,lat_36_02_lon_-5_36,2020-02-11,0.0
35,lat_36_02_lon_-5_36,2019-05-07,0.0
36,lat_36_02_lon_-5_36,2019-01-29,0.0
37,lat_36_02_lon_-5_36,2019-02-28,1.0
38,lat_36_02_lon_-5_36,2019-06-06,0.0
39,lat_36_02_lon_-5_36,2020-03-27,0.0
40,lat_36_02_lon_-5_36,2019-01-12,0.0
41,lat_36_02_lon_-5_36,2019-03-10,0.0
42,lat_36_02_lon_-5_36,2020-03-09,0.0
43,lat_36_02_lon_-5_36,2020-05-16,0.0
44,lat_36_02_lon_-5_36,2019-02-11,0.0
45,lat_36_02_lon_-5_36,2019-01-09,0.0
46,lat_36_02_lon_-5_36,2019-05-14,0.0
47,lat_36_02_lon_-5_36,2019-02-08,0.0
48,lat_36_02_lon_-5_36,2020-01-09,0.0
49,lat_36_02_lon_-5_36,2020-01-27,0.0
50,lat_36_02_lon_-5_36,2020-02-26,0.0
51,lat_36_02_lon_-5_36,2020-05-01,0.0
52,lat_36_02_lon_-5_36,2019-05-09,0.0
53,lat_36_02_lon_-5_36,2019-06-26,-1.0
54,lat_36_02_lon_-5_36,2019-01-14,0.0
55,lat_36_02_lon_-5_36,2020-03-29,0.0
56,lat_36_02_lon_-5_36,2020-05-18,0.0
57,lat_36_02_lon_-5_36,2019-03-03,0.0
58,lat_35_95_lon_-5_61,2019-05-02,0.0
59,lat_35_95_lon_-5_61,2019-04-12,0.0
60,lat_35_95_lon_-5_61,2019-06-01,0.0
61,lat_35_95_lon_-5_61,2019-03-13,0.0
62,lat_35_95_lon_-5_61,2019-06-18,0.0
63,lat_35_95_lon_-5_61,2020-03-04,0.0
64,lat_35_95_lon_-5_61,2020-04-03,0.0
65,lat_35_95_lon_-5_61,2020-05-11,0.0
66,lat_35_95_lon_-5_61,2019-05-19,0.0
67,lat_35_95_lon_-5_61,2020-02-23,0.0
68,lat_35_95_lon_-5_61,2019-04-29,0.0
69,lat_35_95_lon_-5_61,2020-01-02,0.0
70,lat_35_95_lon_-5_61,2019-06-23,0.0
71,lat_35_95_lon_-5_61,2020-02-01,0.0
72,lat_35_95_lon_-5_61,2020-05-06,0.0
73,lat_35_95_lon_-5_61,2019-01-02,0.0
74,lat_35_95_lon_-5_61,2019-04-14,0.0
75,lat_35_95_lon_-5_61,2019-05-22,0.0
76,lat_35_95_lon_-5_61,2019-03-15,0.0
77,lat_35_95_lon_-5_61,2020-02-16,0.0
78,lat_35_95_lon_-5_61,2020-01-04,0.0
79,lat_35_95_lon_-5_61,2019-03-28,-1.0
80,lat_35_95_lon_-5_61,2019-04-09,0.0
81,lat_35_95_lon_-5_61,2020-02-03,0.0
82,lat_35_95_lon_-5_61,2019-04-27,0.0
83,lat_35_95_lon_-5_61,2020-05-08,0.0
84,lat_35_95_lon_-5_61,2019-02-03,0.0
85,lat_35_95_lon_-5_61,2020-04-18,0.0
86,lat_35_95_lon_-5_61,2019-03-20,0.0
87,lat_35_95_lon_-5_61,2019-01-04,0.0
88,lat_35_95_lon_-5_61,2019-03-23,0.0
89,lat_35_95_lon_-5_61,2019-06-11,0.0
90,lat_35_95_lon_-5_61,2019-05-12,0.0
91,lat_35_95_lon_-5_61,2019-04-22,0.0
92,lat_35_95_lon_-5_61,2019-02-06,0.0
93,lat_35_95_lon_-5_61,2020-05-03,0.0
94,lat_35_95_lon_-5_61,2020-01-07,0.0
95,lat_35_95_lon_-5_61,2019-05-29,1.0
96,lat_35_95_lon_-5_61,2019-06-28,0.0
97,lat_35_95_lon_-5_61,2020-03-14,0.0
98,lat_35_95_lon_-5_61,2020-02-11,0.0
99,lat_35_95_lon_-5_61,2019-05-07,0.0
100,lat_35_95_lon_-5_61,2019-01-29,0.0
101,lat_35_95_lon_-5_61,2019-02-28,0.0
102,lat_35_95_lon_-5_61,2020-01-12,0.0
103,lat_35_95_lon_-5_61,2019-03-18,0.0
104,lat_35_95_lon_-5_61,2020-03-27,0.0
105,lat_35_95_lon_-5_61,2019-01-12,-1.0
106,lat_35_95_lon_-5_61,2019-03-10,0.0
107,lat_35_95_lon_-5_61,2020-03-09,0.0
108,lat_35_95_lon_-5_61,2020-02-28,0.0
109,lat_35_95_lon_-5_61,2020-05-16,0.0
110,lat_35_95_lon_-5_61,2020-04-08,0.0
111,lat_35_95_lon_-5_61,2019-01-09,0.0
112,lat_35_95_lon_-5_61,2019-03-25,0.0
113,lat_35_95_lon_-5_61,2019-01-27,0.0
114,lat_35_95_lon_-5_61,2019-05-14,0.0
115,lat_35_95_lon_-5_61,2019-02-26,-1.0
116,lat_35_95_lon_-5_61,2019-02-08,0.0
117,lat_35_95_lon_-5_61,2020-01-09,0.0
118,lat_35_95_lon_-5_61,2020-03-07,0.0
119,lat_35_95_lon_-5_61,2020-01-27,0.0
120,lat_35_95_lon_-5_61,2020-02-26,0.0
121,lat_35_95_lon_-5_61,2020-05-01,0.0
122,lat_35_95_lon_-5_61,2020-04-11,0.0
123,lat_35_95_lon_-5_61,2019-04-19,0.0
124,lat_35_95_lon_-5_61,2019-06-26,-1.0
125,lat_35_95_lon_-5_61,2019-06-08,0.0
126,lat_35_95_lon_-5_61,2019-01-14,1.0
127,lat_35_95_lon_-5_61,2020-05-18,0.0
128,lat_35_95_lon_-5_61,2019-03-03,0.0
129,lat_35_95_lon_-5_61,2019-02-13,-1.0
130,lat_51_0_lon_1_43,2019-02-23,0.0
131,lat_51_0_lon_1_43,2019-04-29,0.0
132,lat_51_0_lon_1_43,2019-05-24,0.0
133,lat_51_0_lon_1_43,2019-06-03,0.0
134,lat_51_0_lon_1_43,2020-03-24,0.0
135,lat_51_0_lon_1_43,2020-04-23,0.0
136,lat_51_0_lon_1_43,2019-02-03,0.0
137,lat_51_0_lon_1_43,2019-01-04,0.0
138,lat_51_0_lon_1_43,2019-03-05,0.0
139,lat_51_0_lon_1_43,2019-04-04,0.0
140,lat_51_0_lon_1_43,2019-05-29,0.0
141,lat_51_0_lon_1_43,2019-06-28,0.0
142,lat_51_0_lon_1_43,2019-01-29,0.0
143,lat_51_0_lon_1_43,2020-03-09,0.0
144,lat_51_0_lon_1_43,2020-01-29,0.0
145,lat_51_0_lon_1_43,2020-04-08,0.0
146,lat_51_0_lon_1_43,2019-03-25,0.0
147,lat_51_0_lon_1_43,2019-05-14,0.0
148,lat_51_0_lon_1_43,2019-05-09,0.0
149,lat_51_0_lon_1_43,2019-04-19,1.0
150,lat_51_0_lon_1_43,2019-06-08,0.0
151,lat_51_0_lon_1_43,2019-01-14,0.0
152,lat_51_0_lon_1_43,2019-03-30,0.0
153,lat_51_0_lon_1_43,2020-05-18,0.0
154,lat_41_0_lon_29_0,2019-04-30,-1.0
155,lat_41_0_lon_29_0,2019-03-04,1.0
156,lat_41_0_lon_29_0,2019-06-27,0.0
157,lat_41_0_lon_29_0,2019-06-09,1.0
158,lat_41_0_lon_29_0,2019-03-26,2.0
159,lat_41_0_lon_29_0,2019-06-14,0.0
160,lat_41_0_lon_29_0,2019-04-25,-1.0
161,lat_41_0_lon_29_0,2019-04-05,3.0
162,lat_41_0_lon_29_0,2019-03-19,0.0
163,lat_41_0_lon_29_0,2019-06-07,0.0
164,lat_41_0_lon_29_0,2019-03-11,3.0
165,lat_41_0_lon_29_0,2019-04-13,0.0
166,lat_41_0_lon_29_0,2019-05-30,0.0
167,lat_41_0_lon_29_0,2019-02-19,1.0
168,lat_41_0_lon_29_0,2019-06-24,-1.0
169,lat_41_0_lon_29_0,2019-03-01,0.0
170,lat_41_0_lon_29_0,2019-05-05,0.0
171,lat_41_0_lon_29_0,2019-05-23,0.0
172,lat_41_0_lon_29_0,2019-06-22,0.0
173,lat_41_0_lon_29_0,2019-01-18,1.0
174,lat_41_0_lon_29_0,2019-06-04,-2.0
175,lat_41_0_lon_29_0,2019-02-04,1.0
176,lat_41_015_lon_29_0,2019-04-30,3.0
177,lat_41_015_lon_29_0,2019-03-04,1.0
178,lat_41_015_lon_29_0,2019-05-28,-2.0
179,lat_41_015_lon_29_0,2019-06-27,0.0
180,lat_41_015_lon_29_0,2019-06-09,1.0
181,lat_41_015_lon_29_0,2019-03-26,7.0
182,lat_41_015_lon_29_0,2019-06-14,4.0
183,lat_41_015_lon_29_0,2019-04-25,2.0
184,lat_41_015_lon_29_0,2019-03-24,2.0
185,lat_41_015_lon_29_0,2019-04-05,2.0
186,lat_41_015_lon_29_0,2019-03-19,-3.0
187,lat_41_015_lon_29_0,2019-06-07,1.0
188,lat_41_015_lon_29_0,2019-03-11,4.0
189,lat_41_015_lon_29_0,2019-05-03,3.0
190,lat_41_015_lon_29_0,2019-04-13,2.0
191,lat_41_015_lon_29_0,2019-05-30,3.0
192,lat_41_015_lon_29_0,2019-02-19,3.0
193,lat_41_015_lon_29_0,2019-04-08,-1.0
194,lat_41_015_lon_29_0,2019-06-24,2.0
195,lat_41_015_lon_29_0,2019-02-02,-2.0
196,lat_41_015_lon_29_0,2019-03-01,3.0
197,lat_41_015_lon_29_0,2019-02-17,4.0
198,lat_41_015_lon_29_0,2019-05-23,3.0
199,lat_41_015_lon_29_0,2019-06-22,2.0
200,lat_41_015_lon_29_0,2019-01-18,-1.0
201,lat_41_015_lon_29_0,2019-06-04,4.0
202,lat_41_015_lon_29_0,2019-03-29,3.0
203,lat_41_015_lon_29_0,2019-04-28,3.0
204,lat_41_015_lon_29_0,2019-02-04,3.0
205,lat_41_025_lon_29_0,2019-04-30,2.0
206,lat_41_025_lon_29_0,2019-03-04,1.0
207,lat_41_025_lon_29_0,2019-05-28,-3.0
208,lat_41_025_lon_29_0,2019-06-27,2.0
209,lat_41_025_lon_29_0,2019-06-09,3.0
210,lat_41_025_lon_29_0,2019-03-26,-2.0
211,lat_41_025_lon_29_0,2019-06-14,-7.0
212,lat_41_025_lon_29_0,2019-04-25,4.0
213,lat_41_025_lon_29_0,2019-04-05,3.0
214,lat_41_025_lon_29_0,2019-03-19,-3.0
215,lat_41_025_lon_29_0,2019-06-07,3.0
216,lat_41_025_lon_29_0,2019-03-11,2.0
217,lat_41_025_lon_29_0,2019-05-03,-2.0
218,lat_41_025_lon_29_0,2019-04-13,5.0
219,lat_41_025_lon_29_0,2019-05-30,5.0
220,lat_41_025_lon_29_0,2019-02-19,2.0
221,lat_41_025_lon_29_0,2019-05-25,-1.0
222,lat_41_025_lon_29_0,2019-04-08,2.0
223,lat_41_025_lon_29_0,2019-06-24,4.0
224,lat_41_025_lon_29_0,2019-02-02,2.0
225,lat_41_025_lon_29_0,2019-03-01,1.0
226,lat_41_025_lon_29_0,2019-05-05,0.0
227,lat_41_025_lon_29_0,2019-02-17,2.0
228,lat_41_025_lon_29_0,2019-05-23,2.0
229,lat_41_025_lon_29_0,2019-06-22,2.0
230,lat_41_025_lon_29_0,2019-01-18,-1.0
231,lat_41_025_lon_29_0,2019-06-04,4.0
232,lat_41_025_lon_29_0,2019-04-28,2.0
233,lat_41_025_lon_29_0,2019-02-04,1.0
234,lat_41_03_lon_29_01,2019-04-30,3.0
235,lat_41_03_lon_29_01,2019-03-04,2.0
236,lat_41_03_lon_29_01,2019-05-28,-1.0
237,lat_41_03_lon_29_01,2019-06-27,-1.0
238,lat_41_03_lon_29_01,2019-06-09,3.0
239,lat_41_03_lon_29_01,2019-03-26,1.0
240,lat_41_03_lon_29_01,2019-04-25,0.0
241,lat_41_03_lon_29_01,2019-04-05,-2.0
242,lat_41_03_lon_29_01,2019-03-19,-2.0
243,lat_41_03_lon_29_01,2019-06-07,1.0
244,lat_41_03_lon_29_01,2019-03-11,3.0
245,lat_41_03_lon_29_01,2019-05-03,7.0
246,lat_41_03_lon_29_01,2019-04-13,0.0
247,lat_41_03_lon_29_01,2019-05-30,-2.0
248,lat_41_03_lon_29_01,2019-02-19,3.0
249,lat_41_03_lon_29_01,2019-04-08,-1.0
250,lat_41_03_lon_29_01,2019-06-24,1.0
251,lat_41_03_lon_29_01,2019-02-02,1.0
252,lat_41_03_lon_29_01,2019-03-01,3.0
253,lat_41_03_lon_29_01,2019-02-17,-1.0
254,lat_41_03_lon_29_01,2019-05-23,0.0
255,lat_41_03_lon_29_01,2019-06-22,0.0
256,lat_41_03_lon_29_01,2019-01-18,1.0
257,lat_41_03_lon_29_01,2019-06-04,2.0
258,lat_41_03_lon_29_01,2019-06-17,0.0
259,lat_41_03_lon_29_01,2019-03-29,1.0
260,lat_41_03_lon_29_01,2019-04-28,4.0
261,lat_41_03_lon_29_01,2019-02-04,1.0
262,lat_40_15_lon_26_39,2019-03-22,0.0
263,lat_40_15_lon_26_39,2019-06-10,0.0
264,lat_40_15_lon_26_39,2019-01-06,-1.0
265,lat_40_15_lon_26_39,2019-05-11,2.0
266,lat_40_15_lon_26_39,2019-04-21,1.0
267,lat_40_15_lon_26_39,2019-02-05,-1.0
268,lat_40_15_lon_26_39,2019-06-27,0.0
269,lat_40_15_lon_26_39,2019-04-16,-1.0
270,lat_40_15_lon_26_39,2019-03-17,1.0
271,lat_40_15_lon_26_39,2019-02-10,0.0
272,lat_40_15_lon_26_39,2019-06-12,1.0
273,lat_40_15_lon_26_39,2019-06-30,1.0
274,lat_40_15_lon_26_39,2019-05-31,0.0
275,lat_40_15_lon_26_39,2019-04-18,-1.0
276,lat_40_15_lon_26_39,2019-05-26,0.0
277,lat_40_15_lon_26_39,2019-06-25,1.0
278,lat_40_15_lon_26_39,2019-06-07,1.0
279,lat_40_15_lon_26_39,2019-04-01,1.0
280,lat_40_15_lon_26_39,2019-06-20,1.0
281,lat_40_15_lon_26_39,2019-01-16,-2.0
282,lat_40_15_lon_26_39,2019-03-09,-1.0
283,lat_40_15_lon_26_39,2019-05-16,0.0
284,lat_40_15_lon_26_39,2019-04-26,1.0
285,lat_40_15_lon_26_39,2019-02-20,1.0
286,lat_40_15_lon_26_39,2019-02-17,0.0
287,lat_40_15_lon_26_39,2019-06-17,0.0
288,lat_40_15_lon_26_39,2019-04-11,0.0
289,lat_40_15_lon_26_39,2019-05-01,0.0
290,lat_40_16_lon_26_395,2019-03-22,1.0
291,lat_40_16_lon_26_395,2019-06-10,0.0
292,lat_40_16_lon_26_395,2019-01-06,1.0
293,lat_40_16_lon_26_395,2019-03-04,0.0
294,lat_40_16_lon_26_395,2019-04-03,0.0
295,lat_40_16_lon_26_395,2019-05-11,0.0
296,lat_40_16_lon_26_395,2019-04-21,0.0
297,lat_40_16_lon_26_395,2019-02-05,0.0
298,lat_40_16_lon_26_395,2019-05-28,0.0
299,lat_40_16_lon_26_395,2019-06-27,-1.0
300,lat_40_16_lon_26_395,2019-04-16,1.0
301,lat_40_16_lon_26_395,2019-03-17,-2.0
302,lat_40_16_lon_26_395,2019-02-10,2.0
303,lat_40_16_lon_26_395,2019-06-12,0.0
304,lat_40_16_lon_26_395,2019-03-24,0.0
305,lat_40_16_lon_26_395,2019-06-30,1.0
306,lat_40_16_lon_26_395,2019-05-31,0.0
307,lat_40_16_lon_26_395,2019-04-18,0.0
308,lat_40_16_lon_26_395,2019-05-26,-1.0
309,lat_40_16_lon_26_395,2019-06-25,0.0
310,lat_40_16_lon_26_395,2019-03-19,0.0
311,lat_40_16_lon_26_395,2019-06-07,1.0
312,lat_40_16_lon_26_395,2019-04-01,1.0
313,lat_40_16_lon_26_395,2019-05-03,0.0
314,lat_40_16_lon_26_395,2019-06-20,0.0
315,lat_40_16_lon_26_395,2019-01-16,0.0
316,lat_40_16_lon_26_395,2019-03-09,-1.0
317,lat_40_16_lon_26_395,2019-05-16,-1.0
318,lat_40_16_lon_26_395,2019-04-26,0.0
319,lat_40_16_lon_26_395,2019-02-20,0.0
320,lat_40_16_lon_26_395,2019-02-17,1.0
321,lat_40_16_lon_26_395,2019-05-23,0.0
322,lat_40_16_lon_26_395,2019-03-07,1.0
323,lat_40_16_lon_26_395,2019-06-17,0.0
324,lat_40_16_lon_26_395,2019-03-29,0.0
325,lat_40_16_lon_26_395,2019-05-18,0.0
326,lat_40_16_lon_26_395,2019-04-11,1.0
327,lat_40_16_lon_26_395,2019-05-01,0.0
328,lat_40_14_lon_26_385,2019-03-22,1.0
329,lat_40_14_lon_26_385,2019-06-10,-1.0
330,lat_40_14_lon_26_385,2019-01-06,-1.0
331,lat_40_14_lon_26_385,2019-03-04,0.0
332,lat_40_14_lon_26_385,2019-04-03,0.0
333,lat_40_14_lon_26_385,2019-05-11,0.0
334,lat_40_14_lon_26_385,2019-04-21,0.0
335,lat_40_14_lon_26_385,2019-02-05,-1.0
336,lat_40_14_lon_26_385,2019-05-28,0.0
337,lat_40_14_lon_26_385,2019-06-27,0.0
338,lat_40_14_lon_26_385,2019-01-28,0.0
339,lat_40_14_lon_26_385,2019-03-17,0.0
340,lat_40_14_lon_26_385,2019-02-10,0.0
341,lat_40_14_lon_26_385,2019-06-12,0.0
342,lat_40_14_lon_26_385,2019-03-24,0.0
343,lat_40_14_lon_26_385,2019-06-30,1.0
344,lat_40_14_lon_26_385,2019-04-18,0.0
345,lat_40_14_lon_26_385,2019-05-26,0.0
346,lat_40_14_lon_26_385,2019-06-25,0.0
347,lat_40_14_lon_26_385,2019-06-07,0.0
348,lat_40_14_lon_26_385,2019-04-01,0.0
349,lat_40_14_lon_26_385,2019-05-03,0.0
350,lat_40_14_lon_26_385,2019-06-20,0.0
351,lat_40_14_lon_26_385,2019-01-16,1.0
352,lat_40_14_lon_26_385,2019-03-09,0.0
353,lat_40_14_lon_26_385,2019-05-16,0.0
354,lat_40_14_lon_26_385,2019-04-26,0.0
355,lat_40_14_lon_26_385,2019-02-20,0.0
356,lat_40_14_lon_26_385,2019-02-17,0.0
357,lat_40_14_lon_26_385,2019-05-23,0.0
358,lat_40_14_lon_26_385,2019-03-07,0.0
359,lat_40_14_lon_26_385,2019-06-22,1.0
360,lat_40_14_lon_26_385,2019-06-17,0.0
361,lat_40_14_lon_26_385,2019-03-29,0.0
362,lat_40_14_lon_26_385,2019-05-18,-1.0
363,lat_40_14_lon_26_385,2019-04-28,0.0
364,lat_40_14_lon_26_385,2019-04-11,0.0
365,lat_40_14_lon_26_385,2019-05-01,0.0
366,lat_30_55_lon_32_29,2019-06-18,0.0
367,lat_30_55_lon_32_29,2020-03-04,0.0
368,lat_30_55_lon_32_29,2020-04-03,0.0
369,lat_30_55_lon_32_29,2019-05-19,0.0
370,lat_30_55_lon_32_29,2019-02-18,0.0
371,lat_30_55_lon_32_29,2019-01-19,0.0
372,lat_30_55_lon_32_29,2019-05-04,0.0
373,lat_30_55_lon_32_29,2019-03-15,0.0
374,lat_30_55_lon_32_29,2020-04-23,0.0
375,lat_30_55_lon_32_29,2020-05-08,0.0
376,lat_30_55_lon_32_29,2019-02-03,0.0
377,lat_30_55_lon_32_29,2020-04-18,0.0
378,lat_30_55_lon_32_29,2019-01-04,0.0
379,lat_30_55_lon_32_29,2019-05-29,0.0
380,lat_30_55_lon_32_29,2020-04-13,0.0
381,lat_30_55_lon_32_29,2019-06-28,0.0
382,lat_30_55_lon_32_29,2019-01-29,0.0
383,lat_30_55_lon_32_29,2019-03-10,0.0
384,lat_30_55_lon_32_29,2020-02-28,0.0
385,lat_30_55_lon_32_29,2019-01-09,0.0
386,lat_30_55_lon_32_29,2019-05-14,0.0
387,lat_30_55_lon_32_29,2019-02-08,0.0
388,lat_30_55_lon_32_29,2020-02-13,0.0
389,lat_30_55_lon_32_29,2020-01-14,0.0
390,lat_30_55_lon_32_29,2019-06-08,0.0
391,lat_30_55_lon_32_29,2020-03-29,0.0
392,lat_30_55_lon_32_29,2020-05-18,0.0
393,lat_30_55_lon_32_29,2019-02-13,0.0
394,lat_30_55_lon_32_29,2020-04-28,0.0
395,lat_37_943_lon_22_934,2020-01-24,0.0
396,lat_37_943_lon_22_934,2019-04-29,0.0
397,lat_37_943_lon_22_934,2019-02-18,0.0
398,lat_37_943_lon_22_934,2020-02-10,0.0
399,lat_37_943_lon_22_934,2019-04-16,0.0
400,lat_37_943_lon_22_934,2019-03-17,0.0
401,lat_37_943_lon_22_934,2020-02-18,0.0
402,lat_37_943_lon_22_934,2020-04-25,0.0
403,lat_37_943_lon_22_934,2019-02-10,0.0
404,lat_37_943_lon_22_934,2020-03-24,0.0
405,lat_37_943_lon_22_934,2020-03-06,0.0
406,lat_37_943_lon_22_934,2020-05-13,0.0
407,lat_37_943_lon_22_934,2020-01-04,0.0
408,lat_37_943_lon_22_934,2020-04-10,0.0
409,lat_37_943_lon_22_934,2020-02-03,0.0
410,lat_37_943_lon_22_934,2019-04-01,0.0
411,lat_37_943_lon_22_934,2020-05-08,0.0
412,lat_37_943_lon_22_934,2020-04-18,0.0
413,lat_37_943_lon_22_934,2019-03-05,0.0
414,lat_37_943_lon_22_934,2019-04-04,0.0
415,lat_37_943_lon_22_934,2019-01-16,0.0
416,lat_37_943_lon_22_934,2020-04-13,0.0
417,lat_37_943_lon_22_934,2020-03-01,0.0
418,lat_37_943_lon_22_934,2019-02-28,-2.0
419,lat_37_943_lon_22_934,2019-02-20,0.0
420,lat_37_943_lon_22_934,2019-03-10,0.0
421,lat_37_943_lon_22_934,2020-04-08,0.0
422,lat_37_943_lon_22_934,2019-03-25,0.0
423,lat_37_943_lon_22_934,2019-03-07,0.0
424,lat_37_943_lon_22_934,2020-05-05,0.0
425,lat_37_943_lon_22_934,2020-01-09,0.0
426,lat_37_943_lon_22_934,2019-05-09,0.0
427,lat_37_943_lon_22_934,2020-03-21,0.0
428,lat_37_943_lon_22_934,2019-04-19,0.0
429,lat_37_943_lon_22_934,2020-03-29,0.0
430,lat_37_943_lon_22_934,2020-04-28,0.0
431,lat_40_148_lon_18_492,2019-02-14,-1.0
432,lat_40_148_lon_18_492,2019-03-31,0.0
433,lat_40_148_lon_18_492,2019-03-13,0.0
434,lat_40_148_lon_18_492,2020-04-16,0.0
435,lat_40_148_lon_18_492,2019-01-20,0.0
436,lat_40_148_lon_18_492,2020-02-09,0.0
437,lat_40_148_lon_18_492,2020-03-17,0.0
438,lat_40_148_lon_18_492,2020-05-04,0.0
439,lat_40_148_lon_18_492,2020-03-20,0.0
440,lat_40_148_lon_18_492,2020-02-21,0.0
441,lat_40_148_lon_18_492,2020-04-09,0.0
442,lat_40_148_lon_18_492,2020-02-29,0.0
443,lat_40_148_lon_18_492,2020-02-24,0.0
444,lat_40_148_lon_18_492,2020-03-10,0.0
445,lat_40_148_lon_18_492,2019-03-01,0.0
446,lat_40_148_lon_18_492,2020-04-26,0.0
447,lat_40_148_lon_18_492,2020-04-24,0.0
448,lat_40_148_lon_18_492,2020-04-11,0.0
449,lat_40_148_lon_18_492,2020-03-12,0.0
450,lat_40_148_lon_18_492,2020-05-09,0.0
451,lat_40_148_lon_18_492,2019-04-20,0.0
452,lat_40_148_lon_18_492,2019-03-03,0.0
453,lat_40_148_lon_18_492,2019-03-21,-1.0
454,lat_38_199_lon_15_578,2019-02-14,0.0
455,lat_38_199_lon_15_578,2019-05-20,0.0
456,lat_38_199_lon_15_578,2019-03-04,1.0
457,lat_38_199_lon_15_578,2019-03-31,0.0
458,lat_38_199_lon_15_578,2020-04-12,0.0
459,lat_38_199_lon_15_578,2019-06-27,0.0
460,lat_38_199_lon_15_578,2020-01-15,0.0
461,lat_38_199_lon_15_578,2019-06-09,0.0
462,lat_38_199_lon_15_578,2020-03-13,0.0
463,lat_38_199_lon_15_578,2019-03-26,0.0
464,lat_38_199_lon_15_578,2019-06-14,0.0
465,lat_38_199_lon_15_578,2019-02-27,0.0
466,lat_38_199_lon_15_578,2019-04-25,0.0
467,lat_38_199_lon_15_578,2019-02-09,0.0
468,lat_38_199_lon_15_578,2020-04-07,0.0
469,lat_38_199_lon_15_578,2019-01-20,0.0
470,lat_38_199_lon_15_578,2020-02-09,0.0
471,lat_38_199_lon_15_578,2019-01-08,-1.0
472,lat_38_199_lon_15_578,2019-03-24,0.0
473,lat_38_199_lon_15_578,2019-03-06,0.0
474,lat_38_199_lon_15_578,2019-02-07,0.0
475,lat_38_199_lon_15_578,2020-01-08,0.0
476,lat_38_199_lon_15_578,2020-05-04,0.0
477,lat_38_199_lon_15_578,2019-06-29,0.0
478,lat_38_199_lon_15_578,2020-02-07,0.0
479,lat_38_199_lon_15_578,2020-03-20,0.0
480,lat_38_199_lon_15_578,2019-04-18,0.0
481,lat_38_199_lon_15_578,2020-01-13,0.0
482,lat_38_199_lon_15_578,2019-03-19,0.0
483,lat_38_199_lon_15_578,2019-03-11,0.0
484,lat_38_199_lon_15_578,2020-04-09,0.0
485,lat_38_199_lon_15_578,2019-04-10,0.0
486,lat_38_199_lon_15_578,2020-02-29,0.0
487,lat_38_199_lon_15_578,2020-04-27,0.0
488,lat_38_199_lon_15_578,2019-04-13,0.0
489,lat_38_199_lon_15_578,2019-05-30,0.0
490,lat_38_199_lon_15_578,2019-06-19,0.0
491,lat_38_199_lon_15_578,2020-03-05,0.0
492,lat_38_199_lon_15_578,2020-05-12,0.0
493,lat_38_199_lon_15_578,2020-04-04,0.0
494,lat_38_199_lon_15_578,2019-02-19,0.0
495,lat_38_199_lon_15_578,2020-01-03,0.0
496,lat_38_199_lon_15_578,2019-03-09,0.0
497,lat_38_199_lon_15_578,2019-06-24,0.0
498,lat_38_199_lon_15_578,2020-03-10,0.0
499,lat_38_199_lon_15_578,2020-01-30,-1.0
500,lat_38_199_lon_15_578,2020-04-17,0.0
501,lat_38_199_lon_15_578,2019-03-01,0.0
502,lat_38_199_lon_15_578,2019-02-17,0.0
503,lat_38_199_lon_15_578,2019-06-22,0.0
504,lat_38_199_lon_15_578,2019-01-18,0.0
505,lat_38_199_lon_15_578,2019-06-04,0.0
506,lat_38_199_lon_15_578,2019-03-16,0.0
507,lat_38_199_lon_15_578,2020-02-17,0.0
508,lat_38_199_lon_15_578,2020-01-18,0.0
509,lat_38_199_lon_15_578,2020-01-05,1.0
510,lat_38_199_lon_15_578,2019-03-29,0.0
511,lat_38_199_lon_15_578,2020-01-23,0.0
512,lat_38_199_lon_15_578,2020-02-04,0.0
513,lat_38_199_lon_15_578,2020-05-09,0.0
514,lat_38_199_lon_15_578,2019-05-10,0.0
515,lat_38_199_lon_15_578,2020-04-19,0.0
516,lat_38_199_lon_15_578,2019-04-20,0.0
517,lat_38_197_lon_15_561,2019-02-14,-90.0
518,lat_38_197_lon_15_561,2019-05-20,-90.0
519,lat_38_197_lon_15_561,2019-03-31,-90.0
520,lat_38_197_lon_15_561,2020-04-12,-90.0
521,lat_38_197_lon_15_561,2019-06-09,-90.0
522,lat_38_197_lon_15_561,2020-03-13,-90.0
523,lat_38_197_lon_15_561,2019-03-26,-90.0
524,lat_38_197_lon_15_561,2019-06-14,-91.0
525,lat_38_197_lon_15_561,2020-02-09,-90.0
526,lat_38_197_lon_15_561,2019-01-08,-91.0
527,lat_38_197_lon_15_561,2019-03-24,-90.0
528,lat_38_197_lon_15_561,2019-03-06,-91.0
529,lat_38_197_lon_15_561,2019-02-07,-90.0
530,lat_38_197_lon_15_561,2020-01-08,-90.0
531,lat_38_197_lon_15_561,2020-05-04,-90.0
532,lat_38_197_lon_15_561,2019-06-29,-91.0
533,lat_38_197_lon_15_561,2020-02-07,-93.0
534,lat_38_197_lon_15_561,2020-03-20,-90.0
535,lat_38_197_lon_15_561,2020-02-12,-90.0
536,lat_38_197_lon_15_561,2019-04-18,-90.0
537,lat_38_197_lon_15_561,2019-03-19,-90.0
538,lat_38_197_lon_15_561,2019-03-11,-90.0
539,lat_38_197_lon_15_561,2020-04-09,-90.0
540,lat_38_197_lon_15_561,2020-02-29,-90.0
541,lat_38_197_lon_15_561,2020-04-27,-90.0
542,lat_38_197_lon_15_561,2020-05-12,-90.0
543,lat_38_197_lon_15_561,2019-02-19,-92.0
544,lat_38_197_lon_15_561,2019-03-09,-90.0
545,lat_38_197_lon_15_561,2019-06-24,-90.0
546,lat_38_197_lon_15_561,2020-03-10,-90.0
547,lat_38_197_lon_15_561,2020-04-17,-90.0
548,lat_38_197_lon_15_561,2019-03-01,-90.0
549,lat_38_197_lon_15_561,2019-02-17,-90.0
550,lat_38_197_lon_15_561,2019-06-04,-90.0
551,lat_38_197_lon_15_561,2019-03-16,-90.0
552,lat_38_197_lon_15_561,2020-02-17,-90.0
553,lat_38_197_lon_15_561,2019-03-29,-91.0
554,lat_38_197_lon_15_561,2020-02-04,-90.0
555,lat_38_197_lon_15_561,2019-04-28,-90.0
556,lat_38_197_lon_15_561,2020-05-09,-91.0
557,lat_38_197_lon_15_561,2019-05-10,-91.0
558,lat_38_197_lon_15_561,2020-04-19,-91.0
559,lat_38_197_lon_15_561,2019-04-20,-91.0
560,lat_38_211_lon_15_567,2019-04-30,-90.0
561,lat_38_211_lon_15_567,2019-02-14,-90.0
562,lat_38_211_lon_15_567,2019-05-20,-90.0
563,lat_38_211_lon_15_567,2019-03-31,-90.0
564,lat_38_211_lon_15_567,2020-04-12,-90.0
565,lat_38_211_lon_15_567,2019-06-27,-90.0
566,lat_38_211_lon_15_567,2020-01-15,-91.0
567,lat_38_211_lon_15_567,2019-06-09,-90.0
568,lat_38_211_lon_15_567,2020-03-13,-90.0
569,lat_38_211_lon_15_567,2019-03-26,-91.0
570,lat_38_211_lon_15_567,2019-06-14,-90.0
571,lat_38_211_lon_15_567,2019-02-09,-90.0
572,lat_38_211_lon_15_567,2020-04-07,-90.0
573,lat_38_211_lon_15_567,2019-01-20,-90.0
574,lat_38_211_lon_15_567,2020-02-09,-90.0
575,lat_38_211_lon_15_567,2019-01-08,-91.0
576,lat_38_211_lon_15_567,2019-03-24,-91.0
577,lat_38_211_lon_15_567,2019-03-06,-90.0
578,lat_38_211_lon_15_567,2019-02-07,-91.0
579,lat_38_211_lon_15_567,2020-01-08,-90.0
580,lat_38_211_lon_15_567,2020-05-04,-90.0
581,lat_38_211_lon_15_567,2019-06-29,-90.0
582,lat_38_211_lon_15_567,2020-02-07,-90.0
583,lat_38_211_lon_15_567,2020-03-20,-90.0
584,lat_38_211_lon_15_567,2020-02-12,-90.0
585,lat_38_211_lon_15_567,2019-04-18,-90.0
586,lat_38_211_lon_15_567,2020-01-13,-90.0
587,lat_38_211_lon_15_567,2019-03-19,-90.0
588,lat_38_211_lon_15_567,2019-03-11,-90.0
589,lat_38_211_lon_15_567,2020-04-09,-90.0
590,lat_38_211_lon_15_567,2019-04-10,-90.0
591,lat_38_211_lon_15_567,2020-02-29,-90.0
592,lat_38_211_lon_15_567,2020-04-27,-90.0
593,lat_38_211_lon_15_567,2020-05-12,-90.0
594,lat_38_211_lon_15_567,2019-02-19,-90.0
595,lat_38_211_lon_15_567,2020-01-03,-91.0
596,lat_38_211_lon_15_567,2019-03-09,-90.0
597,lat_38_211_lon_15_567,2019-06-24,-90.0
598,lat_38_211_lon_15_567,2020-03-10,-90.0
599,lat_38_211_lon_15_567,2020-04-17,-90.0
600,lat_38_211_lon_15_567,2019-03-01,-90.0
601,lat_38_211_lon_15_567,2019-05-05,-90.0
602,lat_38_211_lon_15_567,2019-02-17,-90.0
603,lat_38_211_lon_15_567,2019-06-04,-90.0
604,lat_38_211_lon_15_567,2019-03-16,-91.0
605,lat_38_211_lon_15_567,2020-02-17,-91.0
606,lat_38_211_lon_15_567,2019-03-29,-90.0
607,lat_38_211_lon_15_567,2020-03-03,-90.0
608,lat_38_211_lon_15_567,2020-01-23,-90.0
609,lat_38_211_lon_15_567,2020-02-04,-90.0
610,lat_38_211_lon_15_567,2020-05-09,-90.0
611,lat_38_211_lon_15_567,2019-05-10,-90.0
612,lat_38_211_lon_15_567,2020-04-19,-90.0
613,lat_38_211_lon_15_567,2019-04-20,-91.0
614,lat_55_375_lon_10_995,2020-05-19,0.0
615,lat_55_375_lon_10_995,2019-03-31,0.0
616,lat_55_375_lon_10_995,2020-02-14,0.0
617,lat_55_375_lon_10_995,2020-04-12,0.0
618,lat_55_375_lon_10_995,2019-06-14,0.0
619,lat_55_375_lon_10_995,2019-05-15,0.0
620,lat_55_375_lon_10_995,2019-02-27,0.0
621,lat_55_375_lon_10_995,2019-04-25,0.0
622,lat_55_375_lon_10_995,2020-04-07,0.0
623,lat_55_375_lon_10_995,2019-01-20,0.0
624,lat_55_375_lon_10_995,2019-03-24,0.0
625,lat_55_375_lon_10_995,2019-05-13,0.0
626,lat_55_375_lon_10_995,2019-04-23,0.0
627,lat_55_375_lon_10_995,2020-05-04,0.0
628,lat_55_375_lon_10_995,2020-04-14,0.0
629,lat_55_375_lon_10_995,2019-06-29,0.0
630,lat_55_375_lon_10_995,2020-02-12,0.0
631,lat_55_375_lon_10_995,2019-05-08,0.0
632,lat_55_375_lon_10_995,2019-04-18,0.0
633,lat_55_375_lon_10_995,2019-03-19,0.0
634,lat_55_375_lon_10_995,2020-04-09,0.0
635,lat_55_375_lon_10_995,2019-04-10,0.0
636,lat_55_375_lon_10_995,2019-02-12,0.0
637,lat_55_375_lon_10_995,2019-02-24,0.0
638,lat_55_375_lon_10_995,2019-06-02,0.0
639,lat_55_375_lon_10_995,2020-03-23,0.0
640,lat_55_375_lon_10_995,2019-06-19,0.0
641,lat_55_375_lon_10_995,2020-05-12,0.0
642,lat_55_375_lon_10_995,2020-04-22,0.0
643,lat_55_375_lon_10_995,2019-05-25,0.0
644,lat_55_375_lon_10_995,2019-04-08,0.0
645,lat_55_375_lon_10_995,2020-05-07,0.0
646,lat_55_375_lon_10_995,2020-04-17,0.0
647,lat_55_375_lon_10_995,2019-03-01,0.0
648,lat_55_375_lon_10_995,2019-05-05,0.0
649,lat_55_375_lon_10_995,2019-05-23,0.0
650,lat_55_375_lon_10_995,2019-04-15,0.0
651,lat_55_375_lon_10_995,2019-06-22,0.0
652,lat_55_375_lon_10_995,2019-01-18,0.0
653,lat_55_375_lon_10_995,2020-03-25,0.0
654,lat_55_375_lon_10_995,2020-05-14,0.0
655,lat_55_375_lon_10_995,2019-03-29,0.0
656,lat_55_375_lon_10_995,2019-05-18,0.0
657,lat_55_375_lon_10_995,2020-03-30,0.0
658,lat_55_375_lon_10_995,2020-02-04,0.0
659,lat_55_375_lon_10_995,2019-04-28,0.0
660,lat_55_375_lon_10_995,2020-05-09,0.0
661,lat_55_375_lon_10_995,2019-04-20,0.0
662,lat_55_375_lon_10_995,2019-01-05,0.0
663,lat_55_338_lon_10_898,2020-05-19,0.0
664,lat_55_338_lon_10_898,2019-05-20,0.0
665,lat_55_338_lon_10_898,2019-03-31,0.0
666,lat_55_338_lon_10_898,2020-02-14,0.0
667,lat_55_338_lon_10_898,2020-04-12,0.0
668,lat_55_338_lon_10_898,2019-06-27,0.0
669,lat_55_338_lon_10_898,2019-06-14,0.0
670,lat_55_338_lon_10_898,2019-05-15,0.0
671,lat_55_338_lon_10_898,2019-02-27,0.0
672,lat_55_338_lon_10_898,2019-04-25,0.0
673,lat_55_338_lon_10_898,2020-04-07,0.0
674,lat_55_338_lon_10_898,2019-01-20,0.0
675,lat_55_338_lon_10_898,2019-03-24,0.0
676,lat_55_338_lon_10_898,2019-05-13,0.0
677,lat_55_338_lon_10_898,2019-04-23,0.0
678,lat_55_338_lon_10_898,2020-05-04,0.0
679,lat_55_338_lon_10_898,2020-04-14,0.0
680,lat_55_338_lon_10_898,2019-06-29,0.0
681,lat_55_338_lon_10_898,2020-03-20,0.0
682,lat_55_338_lon_10_898,2019-05-08,0.0
683,lat_55_338_lon_10_898,2019-04-18,0.0
684,lat_55_338_lon_10_898,2019-03-19,0.0
685,lat_55_338_lon_10_898,2020-04-09,0.0
686,lat_55_338_lon_10_898,2019-04-10,0.0
687,lat_55_338_lon_10_898,2019-02-12,0.0
688,lat_55_338_lon_10_898,2019-02-24,0.0
689,lat_55_338_lon_10_898,2019-06-02,0.0
690,lat_55_338_lon_10_898,2020-03-23,0.0
691,lat_55_338_lon_10_898,2019-06-19,0.0
692,lat_55_338_lon_10_898,2020-04-22,0.0
693,lat_55_338_lon_10_898,2019-04-08,0.0
694,lat_55_338_lon_10_898,2020-05-07,0.0
695,lat_55_338_lon_10_898,2020-04-17,0.0
696,lat_55_338_lon_10_898,2019-03-01,0.0
697,lat_55_338_lon_10_898,2019-05-23,0.0
698,lat_55_338_lon_10_898,2019-04-15,0.0
699,lat_55_338_lon_10_898,2019-06-22,0.0
700,lat_55_338_lon_10_898,2019-01-18,0.0
701,lat_55_338_lon_10_898,2020-03-25,0.0
702,lat_55_338_lon_10_898,2020-05-14,0.0
703,lat_55_338_lon_10_898,2019-06-17,0.0
704,lat_55_338_lon_10_898,2019-05-18,0.0
705,lat_55_338_lon_10_898,2020-03-30,0.0
706,lat_55_338_lon_10_898,2020-02-04,0.0
707,lat_55_338_lon_10_898,2019-04-28,0.0
708,lat_55_338_lon_10_898,2020-05-09,0.0
709,lat_55_338_lon_10_898,2020-04-19,0.0
710,lat_55_338_lon_10_898,2019-04-20,0.0
711,lat_55_338_lon_10_898,2019-01-05,0.0
712,lat_54_196_lon_9_545,2019-03-31,-1.0
713,lat_54_196_lon_9_545,2019-05-15,0.0
714,lat_54_196_lon_9_545,2019-02-27,0.0
715,lat_54_196_lon_9_545,2019-04-25,0.0
716,lat_54_196_lon_9_545,2020-04-07,-1.0
717,lat_54_196_lon_9_545,2019-05-13,0.0
718,lat_54_196_lon_9_545,2019-04-23,0.0
719,lat_54_196_lon_9_545,2019-06-29,2.0
720,lat_54_196_lon_9_545,2019-04-18,0.0
721,lat_54_196_lon_9_545,2019-06-07,0.0
722,lat_54_196_lon_9_545,2020-03-28,-1.0
723,lat_54_196_lon_9_545,2019-04-10,0.0
724,lat_54_196_lon_9_545,2019-02-24,0.0
725,lat_54_196_lon_9_545,2019-06-02,0.0
726,lat_54_196_lon_9_545,2020-03-23,0.0
727,lat_54_196_lon_9_545,2019-06-19,-1.0
728,lat_54_196_lon_9_545,2020-04-22,0.0
729,lat_54_196_lon_9_545,2020-04-17,0.0
730,lat_54_196_lon_9_545,2019-04-15,0.0
731,lat_54_196_lon_9_545,2020-03-25,0.0
732,lat_54_196_lon_9_545,2020-04-24,0.0
733,lat_54_196_lon_9_545,2020-04-19,0.0
734,lat_54_295_lon_9_679,2019-03-31,0.0
735,lat_54_295_lon_9_679,2019-05-15,0.0
736,lat_54_295_lon_9_679,2019-02-27,0.0
737,lat_54_295_lon_9_679,2019-04-25,0.0
738,lat_54_295_lon_9_679,2020-04-07,0.0
739,lat_54_295_lon_9_679,2019-01-08,0.0
740,lat_54_295_lon_9_679,2019-05-13,0.0
741,lat_54_295_lon_9_679,2019-04-23,0.0
742,lat_54_295_lon_9_679,2019-06-29,-1.0
743,lat_54_295_lon_9_679,2019-04-18,1.0
744,lat_54_295_lon_9_679,2020-03-28,0.0
745,lat_54_295_lon_9_679,2020-03-23,0.0
746,lat_54_295_lon_9_679,2019-06-19,0.0
747,lat_54_295_lon_9_679,2020-04-22,0.0
748,lat_54_295_lon_9_679,2020-04-17,0.0
749,lat_54_295_lon_9_679,2020-03-25,0.0
750,lat_54_295_lon_9_679,2020-04-24,0.0
751,lat_54_295_lon_9_679,2020-02-04,0.0
752,lat_60_139_lon_24_99,2019-05-20,0.0
753,lat_60_139_lon_24_99,2019-04-03,0.0
754,lat_60_139_lon_24_99,2019-06-09,0.0
755,lat_60_139_lon_24_99,2019-03-26,0.0
756,lat_60_139_lon_24_99,2019-05-15,0.0
757,lat_60_139_lon_24_99,2020-03-08,0.0
758,lat_60_139_lon_24_99,2020-04-07,0.0
759,lat_60_139_lon_24_99,2019-01-20,0.0
760,lat_60_139_lon_24_99,2019-06-12,0.0
761,lat_60_139_lon_24_99,2019-03-24,0.0
762,lat_60_139_lon_24_99,2019-03-06,0.0
763,lat_60_139_lon_24_99,2019-04-23,-1.0
764,lat_60_139_lon_24_99,2020-03-15,0.0
765,lat_60_139_lon_24_99,2020-03-20,0.0
766,lat_60_139_lon_24_99,2019-05-08,0.0
767,lat_60_139_lon_24_99,2019-04-18,0.0
768,lat_60_139_lon_24_99,2019-06-07,0.0
769,lat_60_139_lon_24_99,2020-03-28,0.0
770,lat_60_139_lon_24_99,2020-04-09,0.0
771,lat_60_139_lon_24_99,2019-02-12,0.0
772,lat_60_139_lon_24_99,2019-05-30,0.0
773,lat_60_139_lon_24_99,2020-03-23,0.0
774,lat_60_139_lon_24_99,2020-04-04,0.0
775,lat_60_139_lon_24_99,2020-04-22,0.0
776,lat_60_139_lon_24_99,2019-03-09,0.0
777,lat_60_139_lon_24_99,2020-05-07,0.0
778,lat_60_139_lon_24_99,2019-05-05,0.0
779,lat_60_139_lon_24_99,2019-02-17,0.0
780,lat_60_139_lon_24_99,2019-04-15,0.0
781,lat_60_139_lon_24_99,2019-06-22,1.0
782,lat_60_139_lon_24_99,2019-03-29,0.0
783,lat_60_139_lon_24_99,2019-05-18,0.0
784,lat_60_139_lon_24_99,2019-04-28,0.0
785,lat_60_139_lon_24_99,2020-05-09,0.0
786,lat_59_499_lon_24_73,2019-04-30,0.0
787,lat_59_499_lon_24_73,2020-04-29,0.0
788,lat_59_499_lon_24_73,2019-02-14,0.0
789,lat_59_499_lon_24_73,2020-05-19,0.0
790,lat_59_499_lon_24_73,2019-05-20,0.0
791,lat_59_499_lon_24_73,2019-04-03,0.0
792,lat_59_499_lon_24_73,2020-02-14,0.0
793,lat_59_499_lon_24_73,2019-06-09,0.0
794,lat_59_499_lon_24_73,2019-03-26,0.0
795,lat_59_499_lon_24_73,2019-05-15,0.0
796,lat_59_499_lon_24_73,2020-04-07,0.0
797,lat_59_499_lon_24_73,2019-03-24,0.0
798,lat_59_499_lon_24_73,2019-03-06,0.0
799,lat_59_499_lon_24_73,2019-04-05,0.0
800,lat_59_499_lon_24_73,2019-04-23,0.0
801,lat_59_499_lon_24_73,2019-06-29,0.0
802,lat_59_499_lon_24_73,2020-02-07,0.0
803,lat_59_499_lon_24_73,2020-03-15,0.0
804,lat_59_499_lon_24_73,2020-03-20,0.0
805,lat_59_499_lon_24_73,2019-05-08,0.0
806,lat_59_499_lon_24_73,2019-04-18,0.0
807,lat_59_499_lon_24_73,2020-04-09,0.0
808,lat_59_499_lon_24_73,2020-05-17,0.0
809,lat_59_499_lon_24_73,2019-02-12,0.0
810,lat_59_499_lon_24_73,2020-04-27,0.0
811,lat_59_499_lon_24_73,2019-04-13,0.0
812,lat_59_499_lon_24_73,2019-05-30,0.0
813,lat_59_499_lon_24_73,2020-01-25,0.0
814,lat_59_499_lon_24_73,2020-02-24,0.0
815,lat_59_499_lon_24_73,2020-04-04,0.0
816,lat_59_499_lon_24_73,2020-04-22,0.0
817,lat_59_499_lon_24_73,2019-03-09,0.0
818,lat_59_499_lon_24_73,2019-06-24,0.0
819,lat_59_499_lon_24_73,2020-05-07,0.0
820,lat_59_499_lon_24_73,2019-03-01,0.0
821,lat_59_499_lon_24_73,2019-05-05,0.0
822,lat_59_499_lon_24_73,2019-02-17,0.0
823,lat_59_499_lon_24_73,2019-04-15,0.0
824,lat_59_499_lon_24_73,2019-06-22,0.0
825,lat_59_499_lon_24_73,2019-06-04,0.0
826,lat_59_499_lon_24_73,2020-03-25,0.0
827,lat_59_499_lon_24_73,2020-04-24,0.0
828,lat_59_499_lon_24_73,2019-06-17,0.0
829,lat_59_499_lon_24_73,2020-01-05,0.0
830,lat_59_499_lon_24_73,2019-05-18,0.0
831,lat_59_499_lon_24_73,2019-04-28,0.0
832,lat_59_499_lon_24_73,2020-05-09,0.0
833,lat_59_499_lon_24_73,2019-02-22,0.0
834,lat_59_499_lon_24_73,2020-04-19,0.0
835,lat_59_499_lon_24_73,2019-04-20,0.0
836,lat_59_965_lon_24_881,2019-02-14,0.0
837,lat_59_965_lon_24_881,2020-05-19,0.0
838,lat_59_965_lon_24_881,2019-05-20,0.0
839,lat_59_965_lon_24_881,2019-04-03,0.0
840,lat_59_965_lon_24_881,2020-05-02,0.0
841,lat_59_965_lon_24_881,2019-05-28,0.0
842,lat_59_965_lon_24_881,2019-06-09,0.0
843,lat_59_965_lon_24_881,2019-03-26,0.0
844,lat_59_965_lon_24_881,2019-05-15,0.0
845,lat_59_965_lon_24_881,2020-03-08,0.0
846,lat_59_965_lon_24_881,2020-04-07,0.0
847,lat_59_965_lon_24_881,2019-01-20,0.0
848,lat_59_965_lon_24_881,2019-06-12,0.0
849,lat_59_965_lon_24_881,2019-03-24,0.0
850,lat_59_965_lon_24_881,2019-03-06,0.0
851,lat_59_965_lon_24_881,2019-04-23,0.0
852,lat_59_965_lon_24_881,2020-03-15,0.0
853,lat_59_965_lon_24_881,2020-03-20,0.0
854,lat_59_965_lon_24_881,2019-05-08,0.0
855,lat_59_965_lon_24_881,2019-06-07,0.0
856,lat_59_965_lon_24_881,2020-03-28,0.0
857,lat_59_965_lon_24_881,2020-04-09,0.0
858,lat_59_965_lon_24_881,2020-05-17,0.0
859,lat_59_965_lon_24_881,2019-02-12,0.0
860,lat_59_965_lon_24_881,2020-04-27,0.0
861,lat_59_965_lon_24_881,2019-05-30,0.0
862,lat_59_965_lon_24_881,2020-03-23,0.0
863,lat_59_965_lon_24_881,2020-01-25,0.0
864,lat_59_965_lon_24_881,2020-05-12,0.0
865,lat_59_965_lon_24_881,2020-04-04,0.0
866,lat_59_965_lon_24_881,2020-04-22,0.0
867,lat_59_965_lon_24_881,2019-03-09,0.0
868,lat_59_965_lon_24_881,2019-06-24,0.0
869,lat_59_965_lon_24_881,2020-05-07,0.0
870,lat_59_965_lon_24_881,2020-04-17,0.0
871,lat_59_965_lon_24_881,2019-03-01,0.0
872,lat_59_965_lon_24_881,2019-05-05,0.0
873,lat_59_965_lon_24_881,2019-02-17,0.0
874,lat_59_965_lon_24_881,2019-04-15,0.0
875,lat_59_965_lon_24_881,2019-06-22,0.0
876,lat_59_965_lon_24_881,2019-03-29,0.0
877,lat_59_965_lon_24_881,2019-05-18,0.0
878,lat_59_965_lon_24_881,2020-02-04,0.0
879,lat_59_965_lon_24_881,2019-04-28,0.0
880,lat_59_965_lon_24_881,2020-05-09,0.0
881,lat_59_965_lon_24_881,2019-02-22,0.0
882,lat_59_965_lon_24_881,2020-04-19,0.0
883,lat_36_099_lon_-5_349,2019-04-12,0.0
884,lat_36_099_lon_-5_349,2019-01-24,0.0
885,lat_36_099_lon_-5_349,2019-03-13,0.0
886,lat_36_099_lon_-5_349,2020-03-22,0.0
887,lat_36_099_lon_-5_349,2019-06-18,0.0
888,lat_36_099_lon_-5_349,2020-03-04,0.0
889,lat_36_099_lon_-5_349,2020-04-03,0.0
890,lat_36_099_lon_-5_349,2020-05-11,0.0
891,lat_36_099_lon_-5_349,2019-05-19,0.0
892,lat_36_099_lon_-5_349,2019-04-29,0.0
893,lat_36_099_lon_-5_349,2019-05-24,0.0
894,lat_36_099_lon_-5_349,2019-03-08,0.0
895,lat_36_099_lon_-5_349,2019-06-23,0.0
896,lat_36_099_lon_-5_349,2020-02-01,0.0
897,lat_36_099_lon_-5_349,2020-01-19,0.0
898,lat_36_099_lon_-5_349,2019-01-02,0.0
899,lat_36_099_lon_-5_349,2019-04-14,0.0
900,lat_36_099_lon_-5_349,2019-06-21,0.0
901,lat_36_099_lon_-5_349,2019-01-17,0.0
902,lat_36_099_lon_-5_349,2019-03-15,-1.0
903,lat_36_099_lon_-5_349,2019-03-28,0.0
904,lat_36_099_lon_-5_349,2020-02-03,0.0
905,lat_36_099_lon_-5_349,2019-04-27,0.0
906,lat_36_099_lon_-5_349,2020-05-08,0.0
907,lat_36_099_lon_-5_349,2019-02-03,0.0
908,lat_36_099_lon_-5_349,2019-01-04,0.0
909,lat_36_099_lon_-5_349,2019-01-07,0.0
910,lat_36_099_lon_-5_349,2019-06-11,0.0
911,lat_36_099_lon_-5_349,2019-05-12,0.0
912,lat_36_099_lon_-5_349,2019-04-04,0.0
913,lat_36_099_lon_-5_349,2019-02-06,0.0
914,lat_36_099_lon_-5_349,2020-05-03,0.0
915,lat_36_099_lon_-5_349,2020-05-21,0.0
916,lat_36_099_lon_-5_349,2019-05-29,0.0
917,lat_36_099_lon_-5_349,2019-06-28,0.0
918,lat_36_099_lon_-5_349,2020-02-11,0.0
919,lat_36_099_lon_-5_349,2019-05-07,0.0
920,lat_36_099_lon_-5_349,2019-01-29,0.0
921,lat_36_099_lon_-5_349,2019-02-28,0.0
922,lat_36_099_lon_-5_349,2019-03-18,0.0
923,lat_36_099_lon_-5_349,2019-06-06,0.0
924,lat_36_099_lon_-5_349,2020-03-27,0.0
925,lat_36_099_lon_-5_349,2019-01-12,0.0
926,lat_36_099_lon_-5_349,2019-03-10,1.0
927,lat_36_099_lon_-5_349,2020-03-09,0.0
928,lat_36_099_lon_-5_349,2020-02-28,0.0
929,lat_36_099_lon_-5_349,2020-04-26,0.0
930,lat_36_099_lon_-5_349,2019-02-11,0.0
931,lat_36_099_lon_-5_349,2019-01-09,0.0
932,lat_36_099_lon_-5_349,2019-03-25,0.0
933,lat_36_099_lon_-5_349,2019-05-14,0.0
934,lat_36_099_lon_-5_349,2019-02-08,0.0
935,lat_36_099_lon_-5_349,2020-01-09,0.0
936,lat_36_099_lon_-5_349,2020-01-27,0.0
937,lat_36_099_lon_-5_349,2020-02-26,0.0
938,lat_36_099_lon_-5_349,2020-05-01,0.0
939,lat_36_099_lon_-5_349,2019-05-09,0.0
940,lat_36_099_lon_-5_349,2019-05-27,0.0
941,lat_36_099_lon_-5_349,2019-04-19,0.0
942,lat_36_099_lon_-5_349,2019-06-26,-1.0
943,lat_36_099_lon_-5_349,2019-06-08,0.0
944,lat_36_099_lon_-5_349,2020-03-12,0.0
945,lat_36_099_lon_-5_349,2019-01-14,0.0
946,lat_36_099_lon_-5_349,2020-05-18,0.0
947,lat_36_099_lon_-5_349,2019-03-03,0.0
948,lat_36_109_lon_-5_313,2019-05-02,0.0
949,lat_36_109_lon_-5_313,2019-04-12,0.0
950,lat_36_109_lon_-5_313,2019-01-24,0.0
951,lat_36_109_lon_-5_313,2019-03-13,0.0
952,lat_36_109_lon_-5_313,2020-03-22,0.0
953,lat_36_109_lon_-5_313,2019-06-18,0.0
954,lat_36_109_lon_-5_313,2020-03-04,0.0
955,lat_36_109_lon_-5_313,2020-04-03,0.0
956,lat_36_109_lon_-5_313,2019-05-19,0.0
957,lat_36_109_lon_-5_313,2019-04-29,0.0
958,lat_36_109_lon_-5_313,2019-05-24,0.0
959,lat_36_109_lon_-5_313,2019-03-08,0.0
960,lat_36_109_lon_-5_313,2019-06-23,0.0
961,lat_36_109_lon_-5_313,2020-02-01,0.0
962,lat_36_109_lon_-5_313,2020-01-19,0.0
963,lat_36_109_lon_-5_313,2019-01-02,0.0
964,lat_36_109_lon_-5_313,2019-04-14,0.0
965,lat_36_109_lon_-5_313,2019-06-21,0.0
966,lat_36_109_lon_-5_313,2019-03-15,0.0
967,lat_36_109_lon_-5_313,2020-05-13,0.0
968,lat_36_109_lon_-5_313,2020-01-04,0.0
969,lat_36_109_lon_-5_313,2019-03-28,0.0
970,lat_36_109_lon_-5_313,2020-02-03,0.0
971,lat_36_109_lon_-5_313,2019-04-27,0.0
972,lat_36_109_lon_-5_313,2020-05-08,0.0
973,lat_36_109_lon_-5_313,2019-02-03,0.0
974,lat_36_109_lon_-5_313,2019-01-04,0.0
975,lat_36_109_lon_-5_313,2019-01-07,0.0
976,lat_36_109_lon_-5_313,2019-06-11,0.0
977,lat_36_109_lon_-5_313,2019-04-04,0.0
978,lat_36_109_lon_-5_313,2019-04-22,0.0
979,lat_36_109_lon_-5_313,2019-02-06,0.0
980,lat_36_109_lon_-5_313,2020-05-03,0.0
981,lat_36_109_lon_-5_313,2020-05-21,0.0
982,lat_36_109_lon_-5_313,2019-05-29,0.0
983,lat_36_109_lon_-5_313,2019-06-28,0.0
984,lat_36_109_lon_-5_313,2020-02-11,0.0
985,lat_36_109_lon_-5_313,2019-05-07,0.0
986,lat_36_109_lon_-5_313,2019-01-29,0.0
987,lat_36_109_lon_-5_313,2019-02-28,0.0
988,lat_36_109_lon_-5_313,2020-01-12,0.0
989,lat_36_109_lon_-5_313,2019-03-18,0.0
990,lat_36_109_lon_-5_313,2019-06-06,0.0
991,lat_36_109_lon_-5_313,2019-03-10,0.0
992,lat_36_109_lon_-5_313,2020-03-09,0.0
993,lat_36_109_lon_-5_313,2020-04-26,0.0
994,lat_36_109_lon_-5_313,2019-02-11,1.0
995,lat_36_109_lon_-5_313,2019-01-09,0.0
996,lat_36_109_lon_-5_313,2019-03-25,0.0
997,lat_36_109_lon_-5_313,2019-05-14,0.0
998,lat_36_109_lon_-5_313,2019-02-08,1.0
999,lat_36_109_lon_-5_313,2020-01-09,0.0
1000,lat_36_109_lon_-5_313,2020-01-27,0.0
1001,lat_36_109_lon_-5_313,2020-02-26,0.0
1002,lat_36_109_lon_-5_313,2020-05-01,0.0
1003,lat_36_109_lon_-5_313,2019-05-09,0.0
1004,lat_36_109_lon_-5_313,2019-05-27,0.0
1005,lat_36_109_lon_-5_313,2019-06-26,0.0
1006,lat_36_109_lon_-5_313,2019-06-08,0.0
1007,lat_36_109_lon_-5_313,2020-03-12,-1.0
1008,lat_36_109_lon_-5_313,2019-01-14,0.0
1009,lat_36_109_lon_-5_313,2020-03-29,0.0
1010,lat_36_109_lon_-5_313,2020-05-18,-1.0
1011,lat_36_109_lon_-5_313,2019-03-03,0.0
1012,lat_51_12_lon_1_35,2019-02-23,0.0
1013,lat_51_12_lon_1_35,2019-04-29,0.0
1014,lat_51_12_lon_1_35,2019-05-24,0.0
1015,lat_51_12_lon_1_35,2019-06-23,0.0
1016,lat_51_12_lon_1_35,2020-01-19,-1.0
1017,lat_51_12_lon_1_35,2019-06-03,0.0
1018,lat_51_12_lon_1_35,2020-03-24,1.0
1019,lat_51_12_lon_1_35,2020-05-13,0.0
1020,lat_51_12_lon_1_35,2020-04-23,0.0
1021,lat_51_12_lon_1_35,2020-01-04,0.0
1022,lat_51_12_lon_1_35,2019-02-03,-1.0
1023,lat_51_12_lon_1_35,2019-01-04,-1.0
1024,lat_51_12_lon_1_35,2019-03-05,1.0
1025,lat_51_12_lon_1_35,2019-04-04,-1.0
1026,lat_51_12_lon_1_35,2020-04-13,0.0
1027,lat_51_12_lon_1_35,2019-06-28,0.0
1028,lat_51_12_lon_1_35,2020-01-29,0.0
1029,lat_51_12_lon_1_35,2020-04-08,0.0
1030,lat_51_12_lon_1_35,2019-01-09,0.0
1031,lat_51_12_lon_1_35,2019-03-25,0.0
1032,lat_51_12_lon_1_35,2019-05-14,1.0
1033,lat_51_12_lon_1_35,2019-04-19,0.0
1034,lat_51_12_lon_1_35,2019-01-14,0.0
1035,lat_51_12_lon_1_35,2019-03-30,0.0
1036,lat_51_12_lon_1_35,2020-03-29,0.0
1037,lat_51_12_lon_1_35,2020-05-18,0.0
1038,lat_37_961_lon_22_915,2019-03-22,0.0
1039,lat_37_961_lon_22_915,2019-05-11,0.0
1040,lat_37_961_lon_22_915,2019-04-21,0.0
1041,lat_37_961_lon_22_915,2019-06-18,0.0
1042,lat_37_961_lon_22_915,2020-04-30,0.0
1043,lat_37_961_lon_22_915,2020-01-24,0.0
1044,lat_37_961_lon_22_915,2020-05-20,0.0
1045,lat_37_961_lon_22_915,2020-03-31,0.0
1046,lat_37_961_lon_22_915,2019-04-29,0.0
1047,lat_37_961_lon_22_915,2020-02-05,0.0
1048,lat_37_961_lon_22_915,2019-05-06,0.0
1049,lat_37_961_lon_22_915,2019-02-18,0.0
1050,lat_37_961_lon_22_915,2020-02-10,0.0
1051,lat_37_961_lon_22_915,2019-04-16,0.0
1052,lat_37_961_lon_22_915,2020-01-11,0.0
1053,lat_37_961_lon_22_915,2019-06-23,0.0
1054,lat_37_961_lon_22_915,2019-06-05,0.0
1055,lat_37_961_lon_22_915,2019-03-17,0.0
1056,lat_37_961_lon_22_915,2020-02-18,0.0
1057,lat_37_961_lon_22_915,2020-05-15,0.0
1058,lat_37_961_lon_22_915,2020-04-25,0.0
1059,lat_37_961_lon_22_915,2019-02-10,0.0
1060,lat_37_961_lon_22_915,2020-03-24,0.0
1061,lat_37_961_lon_22_915,2020-03-06,0.0
1062,lat_37_961_lon_22_915,2020-02-25,0.0
1063,lat_37_961_lon_22_915,2020-05-13,0.0
1064,lat_37_961_lon_22_915,2020-01-04,0.0
1065,lat_37_961_lon_22_915,2020-04-10,0.0
1066,lat_37_961_lon_22_915,2020-02-03,0.0
1067,lat_37_961_lon_22_915,2020-01-31,0.0
1068,lat_37_961_lon_22_915,2020-03-11,0.0
1069,lat_37_961_lon_22_915,2019-04-01,0.0
1070,lat_37_961_lon_22_915,2020-05-08,0.0
1071,lat_37_961_lon_22_915,2019-01-31,0.0
1072,lat_37_961_lon_22_915,2020-04-18,0.0
1073,lat_37_961_lon_22_915,2020-03-19,0.0
1074,lat_37_961_lon_22_915,2019-01-04,0.0
1075,lat_37_961_lon_22_915,2019-03-05,0.0
1076,lat_37_961_lon_22_915,2019-04-04,0.0
1077,lat_37_961_lon_22_915,2019-06-20,0.0
1078,lat_37_961_lon_22_915,2019-01-16,0.0
1079,lat_37_961_lon_22_915,2020-05-03,0.0
1080,lat_37_961_lon_22_915,2019-05-29,0.0
1081,lat_37_961_lon_22_915,2020-04-13,0.0
1082,lat_37_961_lon_22_915,2019-06-28,0.0
1083,lat_37_961_lon_22_915,2020-01-16,0.0
1084,lat_37_961_lon_22_915,2019-06-15,0.0
1085,lat_37_961_lon_22_915,2020-03-01,0.0
1086,lat_37_961_lon_22_915,2020-02-20,0.0
1087,lat_37_961_lon_22_915,2019-02-28,0.0
1088,lat_37_961_lon_22_915,2019-05-16,0.0
1089,lat_37_961_lon_22_915,2019-04-26,0.0
1090,lat_37_961_lon_22_915,2019-02-20,0.0
1091,lat_37_961_lon_22_915,2019-03-10,0.0
1092,lat_37_961_lon_22_915,2020-01-29,0.0
1093,lat_37_961_lon_22_915,2020-04-08,0.0
1094,lat_37_961_lon_22_915,2019-01-21,0.0
1095,lat_37_961_lon_22_915,2019-06-13,0.0
1096,lat_37_961_lon_22_915,2019-03-25,0.0
1097,lat_37_961_lon_22_915,2019-03-07,0.0
1098,lat_37_961_lon_22_915,2020-05-05,0.0
1099,lat_37_961_lon_22_915,2020-01-09,0.0
1100,lat_37_961_lon_22_915,2019-05-09,0.0
1101,lat_37_961_lon_22_915,2020-02-13,0.0
1102,lat_37_961_lon_22_915,2020-03-21,0.0
1103,lat_37_961_lon_22_915,2019-04-19,0.0
1104,lat_37_961_lon_22_915,2020-01-14,0.0
1105,lat_37_961_lon_22_915,2019-06-08,0.0
1106,lat_37_961_lon_22_915,2020-03-29,0.0
1107,lat_37_961_lon_22_915,2020-05-18,0.0
1108,lat_37_961_lon_22_915,2019-04-11,0.0
1109,lat_37_961_lon_22_915,2020-04-28,0.0
1110,lat_37_962_lon_22_941,2019-03-22,0.0
1111,lat_37_962_lon_22_941,2019-01-06,0.0
1112,lat_37_962_lon_22_941,2019-05-11,0.0
1113,lat_37_962_lon_22_941,2019-04-21,0.0
1114,lat_37_962_lon_22_941,2019-06-18,0.0
1115,lat_37_962_lon_22_941,2020-04-30,0.0
1116,lat_37_962_lon_22_941,2020-01-24,0.0
1117,lat_37_962_lon_22_941,2020-05-20,0.0
1118,lat_37_962_lon_22_941,2020-03-31,0.0
1119,lat_37_962_lon_22_941,2019-04-29,0.0
1120,lat_37_962_lon_22_941,2020-02-05,0.0
1121,lat_37_962_lon_22_941,2019-05-06,0.0
1122,lat_37_962_lon_22_941,2019-02-18,0.0
1123,lat_37_962_lon_22_941,2020-02-10,0.0
1124,lat_37_962_lon_22_941,2019-04-16,0.0
1125,lat_37_962_lon_22_941,2020-01-11,1.0
1126,lat_37_962_lon_22_941,2019-06-23,0.0
1127,lat_37_962_lon_22_941,2019-06-05,0.0
1128,lat_37_962_lon_22_941,2019-03-17,0.0
1129,lat_37_962_lon_22_941,2020-02-18,1.0
1130,lat_37_962_lon_22_941,2020-05-15,0.0
1131,lat_37_962_lon_22_941,2020-04-25,0.0
1132,lat_37_962_lon_22_941,2019-02-10,0.0
1133,lat_37_962_lon_22_941,2019-06-30,0.0
1134,lat_37_962_lon_22_941,2020-03-24,0.0
1135,lat_37_962_lon_22_941,2020-03-06,0.0
1136,lat_37_962_lon_22_941,2020-02-25,0.0
1137,lat_37_962_lon_22_941,2020-05-13,0.0
1138,lat_37_962_lon_22_941,2020-04-23,0.0
1139,lat_37_962_lon_22_941,2020-01-04,0.0
1140,lat_37_962_lon_22_941,2020-04-10,0.0
1141,lat_37_962_lon_22_941,2020-02-03,0.0
1142,lat_37_962_lon_22_941,2020-01-31,0.0
1143,lat_37_962_lon_22_941,2020-03-11,0.0
1144,lat_37_962_lon_22_941,2019-04-01,0.0
1145,lat_37_962_lon_22_941,2020-05-08,0.0
1146,lat_37_962_lon_22_941,2019-01-31,0.0
1147,lat_37_962_lon_22_941,2020-04-18,0.0
1148,lat_37_962_lon_22_941,2020-03-19,0.0
1149,lat_37_962_lon_22_941,2019-03-05,0.0
1150,lat_37_962_lon_22_941,2019-04-04,0.0
1151,lat_37_962_lon_22_941,2019-06-20,0.0
1152,lat_37_962_lon_22_941,2019-01-16,0.0
1153,lat_37_962_lon_22_941,2020-05-03,0.0
1154,lat_37_962_lon_22_941,2019-05-29,0.0
1155,lat_37_962_lon_22_941,2020-04-13,0.0
1156,lat_37_962_lon_22_941,2019-06-28,0.0
1157,lat_37_962_lon_22_941,2020-01-16,0.0
1158,lat_37_962_lon_22_941,2019-06-15,0.0
1159,lat_37_962_lon_22_941,2020-03-01,0.0
1160,lat_37_962_lon_22_941,2020-02-20,-1.0
1161,lat_37_962_lon_22_941,2019-02-28,0.0
1162,lat_37_962_lon_22_941,2019-05-16,0.0
1163,lat_37_962_lon_22_941,2019-04-26,0.0
1164,lat_37_962_lon_22_941,2019-02-20,0.0
1165,lat_37_962_lon_22_941,2019-03-10,0.0
1166,lat_37_962_lon_22_941,2020-02-28,0.0
1167,lat_37_962_lon_22_941,2020-04-08,0.0
1168,lat_37_962_lon_22_941,2019-01-21,0.0
1169,lat_37_962_lon_22_941,2019-06-13,0.0
1170,lat_37_962_lon_22_941,2019-03-25,0.0
1171,lat_37_962_lon_22_941,2019-03-07,0.0
1172,lat_37_962_lon_22_941,2020-05-05,0.0
1173,lat_37_962_lon_22_941,2020-01-09,0.0
1174,lat_37_962_lon_22_941,2019-05-09,0.0
1175,lat_37_962_lon_22_941,2020-02-13,0.0
1176,lat_37_962_lon_22_941,2020-03-21,0.0
1177,lat_37_962_lon_22_941,2020-05-10,0.0
1178,lat_37_962_lon_22_941,2020-01-14,0.0
1179,lat_37_962_lon_22_941,2019-03-30,0.0
1180,lat_37_962_lon_22_941,2020-03-29,0.0
1181,lat_37_962_lon_22_941,2020-05-18,0.0
1182,lat_37_962_lon_22_941,2019-04-11,0.0
1183,lat_37_962_lon_22_941,2020-04-28,0.0
1184,lat_22_295_lon_114_145,2020-01-15,1.0
1185,lat_22_295_lon_114_145,2019-04-05,3.0
1186,lat_22_295_lon_114_145,2020-04-09,0.0
1187,lat_22_295_lon_114_145,2019-01-25,7.0
1188,lat_22_295_lon_114_145,2020-01-30,1.0
1189,lat_22_295_lon_114_145,2019-01-30,1.0
1190,lat_22_295_lon_114_145,2020-01-05,-2.0
1191,lat_37_937_lon_23_619,2019-03-22,0.0
1192,lat_37_937_lon_23_619,2019-01-06,2.0
1193,lat_37_937_lon_23_619,2019-05-11,0.0
1194,lat_37_937_lon_23_619,2019-04-21,0.0
1195,lat_37_937_lon_23_619,2020-04-30,-1.0
1196,lat_37_937_lon_23_619,2020-05-20,2.0
1197,lat_37_937_lon_23_619,2020-03-31,1.0
1198,lat_37_937_lon_23_619,2020-02-05,0.0
1199,lat_37_937_lon_23_619,2020-02-10,1.0
1200,lat_37_937_lon_23_619,2020-01-11,0.0
1201,lat_37_937_lon_23_619,2019-06-05,0.0
1202,lat_37_937_lon_23_619,2019-03-17,0.0
1203,lat_37_937_lon_23_619,2020-05-15,-1.0
1204,lat_37_937_lon_23_619,2020-04-25,-1.0
1205,lat_37_937_lon_23_619,2019-02-10,0.0
1206,lat_37_937_lon_23_619,2019-01-26,1.0
1207,lat_37_937_lon_23_619,2019-06-30,0.0
1208,lat_37_937_lon_23_619,2020-03-06,0.0
1209,lat_37_937_lon_23_619,2020-02-25,0.0
1210,lat_37_937_lon_23_619,2020-04-10,0.0
1211,lat_37_937_lon_23_619,2019-06-25,0.0
1212,lat_37_937_lon_23_619,2020-01-31,1.0
1213,lat_37_937_lon_23_619,2020-03-11,1.0
1214,lat_37_937_lon_23_619,2019-02-15,1.0
1215,lat_37_937_lon_23_619,2019-06-20,0.0
1216,lat_37_937_lon_23_619,2019-01-16,0.0
1217,lat_37_937_lon_23_619,2019-06-15,0.0
1218,lat_37_937_lon_23_619,2020-03-01,0.0
1219,lat_37_937_lon_23_619,2020-01-21,0.0
1220,lat_37_937_lon_23_619,2020-02-20,0.0
1221,lat_37_937_lon_23_619,2019-05-16,0.0
1222,lat_37_937_lon_23_619,2019-04-26,0.0
1223,lat_37_937_lon_23_619,2019-02-20,0.0
1224,lat_37_937_lon_23_619,2019-01-21,2.0
1225,lat_37_937_lon_23_619,2019-03-07,0.0
1226,lat_37_937_lon_23_619,2020-05-05,-1.0
1227,lat_37_937_lon_23_619,2020-04-15,1.0
1228,lat_37_937_lon_23_619,2020-03-21,0.0
1229,lat_37_937_lon_23_619,2020-04-20,0.0
1230,lat_37_937_lon_23_619,2019-04-11,0.0
1231,lat_53_962_lon_10_891,2019-04-12,0.0
1232,lat_53_962_lon_10_891,2020-05-19,0.0
1233,lat_53_962_lon_10_891,2019-03-31,0.0
1234,lat_53_962_lon_10_891,2019-06-01,-1.0
1235,lat_53_962_lon_10_891,2020-04-21,0.0
1236,lat_53_962_lon_10_891,2019-04-07,-1.0
1237,lat_53_962_lon_10_891,2019-05-15,0.0
1238,lat_53_962_lon_10_891,2019-04-25,0.0
1239,lat_53_962_lon_10_891,2020-05-06,-1.0
1240,lat_53_962_lon_10_891,2019-02-16,0.0
1241,lat_53_962_lon_10_891,2020-05-04,0.0
1242,lat_53_962_lon_10_891,2019-06-29,-1.0
1243,lat_53_962_lon_10_891,2019-04-10,0.0
1244,lat_53_962_lon_10_891,2019-02-24,-1.0
1245,lat_53_962_lon_10_891,2019-05-12,-1.0
1246,lat_53_962_lon_10_891,2019-04-22,-3.0
1247,lat_53_962_lon_10_891,2019-06-19,0.0
1248,lat_53_962_lon_10_891,2020-04-04,0.0
1249,lat_53_962_lon_10_891,2019-05-07,0.0
1250,lat_53_962_lon_10_891,2019-04-17,-1.0
1251,lat_53_962_lon_10_891,2020-03-27,0.0
1252,lat_53_962_lon_10_891,2019-04-15,0.0
1253,lat_53_962_lon_10_891,2020-03-25,0.0
1254,lat_53_962_lon_10_891,2020-03-07,0.0
1255,lat_53_962_lon_10_891,2020-04-06,0.0
1256,lat_53_962_lon_10_891,2020-04-24,0.0
1257,lat_53_962_lon_10_891,2019-06-26,0.0
1258,lat_53_962_lon_10_891,2020-02-04,0.0
1259,lat_53_962_lon_10_891,2019-04-02,-1.0
1260,lat_53_962_lon_10_891,2020-04-19,1.0
1261,lat_41_019_lon_28_981,2019-04-30,5.0
1262,lat_41_019_lon_28_981,2020-04-29,0.0
1263,lat_41_019_lon_28_981,2019-03-04,2.0
1264,lat_41_019_lon_28_981,2020-04-12,0.0
1265,lat_41_019_lon_28_981,2019-05-28,0.0
1266,lat_41_019_lon_28_981,2019-06-27,0.0
1267,lat_41_019_lon_28_981,2020-03-13,6.0
1268,lat_41_019_lon_28_981,2019-03-26,4.0
1269,lat_41_019_lon_28_981,2019-04-25,5.0
1270,lat_41_019_lon_28_981,2019-03-24,-1.0
1271,lat_41_019_lon_28_981,2019-04-05,6.0
1272,lat_41_019_lon_28_981,2020-03-20,2.0
1273,lat_41_019_lon_28_981,2019-03-19,4.0
1274,lat_41_019_lon_28_981,2019-06-07,-1.0
1275,lat_41_019_lon_28_981,2019-03-11,3.0
1276,lat_41_019_lon_28_981,2020-04-09,1.0
1277,lat_41_019_lon_28_981,2020-04-27,1.0
1278,lat_41_019_lon_28_981,2019-05-03,4.0
1279,lat_41_019_lon_28_981,2019-04-13,3.0
1280,lat_41_019_lon_28_981,2019-05-30,2.0
1281,lat_41_019_lon_28_981,2020-01-25,5.0
1282,lat_41_019_lon_28_981,2020-02-24,3.0
1283,lat_41_019_lon_28_981,2019-02-19,4.0
1284,lat_41_019_lon_28_981,2019-04-08,-1.0
1285,lat_41_019_lon_28_981,2019-06-24,2.0
1286,lat_41_019_lon_28_981,2020-02-02,7.0
1287,lat_41_019_lon_28_981,2020-04-17,1.0
1288,lat_41_019_lon_28_981,2019-03-01,2.0
1289,lat_41_019_lon_28_981,2019-02-17,6.0
1290,lat_41_019_lon_28_981,2019-05-23,-1.0
1291,lat_41_019_lon_28_981,2019-06-22,-1.0
1292,lat_41_019_lon_28_981,2019-01-18,6.0
1293,lat_41_019_lon_28_981,2019-06-04,3.0
1294,lat_41_019_lon_28_981,2020-02-17,6.0
1295,lat_41_019_lon_28_981,2020-04-24,0.0
1296,lat_41_019_lon_28_981,2020-01-23,-1.0
1297,lat_41_019_lon_28_981,2019-04-28,1.0
1298,lat_41_019_lon_28_981,2020-05-09,0.0
1299,lat_41_019_lon_28_981,2019-02-04,3.0
1300,lat_41_019_lon_28_981,2020-04-19,0.0
1301,lat_40_994_lon_29_017,2019-04-30,2.0
1302,lat_40_994_lon_29_017,2020-04-29,2.0
1303,lat_40_994_lon_29_017,2020-05-19,0.0
1304,lat_40_994_lon_29_017,2019-03-04,2.0
1305,lat_40_994_lon_29_017,2020-04-12,0.0
1306,lat_40_994_lon_29_017,2019-05-28,-1.0
1307,lat_40_994_lon_29_017,2019-06-27,2.0
1308,lat_40_994_lon_29_017,2020-03-13,2.0
1309,lat_40_994_lon_29_017,2019-03-26,3.0
1310,lat_40_994_lon_29_017,2019-06-14,3.0
1311,lat_40_994_lon_29_017,2019-04-25,3.0
1312,lat_40_994_lon_29_017,2020-04-07,0.0
1313,lat_40_994_lon_29_017,2019-04-05,3.0
1314,lat_40_994_lon_29_017,2019-04-23,-1.0
1315,lat_40_994_lon_29_017,2019-03-19,3.0
1316,lat_40_994_lon_29_017,2019-06-07,-1.0
1317,lat_40_994_lon_29_017,2019-03-11,2.0
1318,lat_40_994_lon_29_017,2020-04-09,1.0
1319,lat_40_994_lon_29_017,2020-04-27,-1.0
1320,lat_40_994_lon_29_017,2019-05-03,-2.0
1321,lat_40_994_lon_29_017,2019-04-13,2.0
1322,lat_40_994_lon_29_017,2019-05-30,4.0
1323,lat_40_994_lon_29_017,2020-01-25,-1.0
1324,lat_40_994_lon_29_017,2020-02-24,3.0
1325,lat_40_994_lon_29_017,2020-05-12,0.0
1326,lat_40_994_lon_29_017,2019-02-19,3.0
1327,lat_40_994_lon_29_017,2019-06-24,4.0
1328,lat_40_994_lon_29_017,2020-02-02,-2.0
1329,lat_40_994_lon_29_017,2020-05-07,0.0
1330,lat_40_994_lon_29_017,2020-04-17,0.0
1331,lat_40_994_lon_29_017,2019-03-01,2.0
1332,lat_40_994_lon_29_017,2019-05-23,-2.0
1333,lat_40_994_lon_29_017,2020-01-10,-2.0
1334,lat_40_994_lon_29_017,2019-06-22,-1.0
1335,lat_40_994_lon_29_017,2019-01-18,-1.0
1336,lat_40_994_lon_29_017,2019-06-04,2.0
1337,lat_40_994_lon_29_017,2020-02-17,-2.0
1338,lat_40_994_lon_29_017,2020-01-18,3.0
1339,lat_40_994_lon_29_017,2020-04-24,0.0
1340,lat_40_994_lon_29_017,2019-03-29,2.0
1341,lat_40_994_lon_29_017,2020-03-03,2.0
1342,lat_40_994_lon_29_017,2020-03-30,-1.0
1343,lat_40_994_lon_29_017,2019-04-28,0.0
1344,lat_40_994_lon_29_017,2020-05-09,0.0
1345,lat_40_994_lon_29_017,2019-02-04,2.0
1346,lat_40_994_lon_29_017,2020-04-19,0.0
1347,lat_39_693_lon_19_957,2019-05-02,0.0
1348,lat_39_693_lon_19_957,2019-04-12,0.0
1349,lat_39_693_lon_19_957,2019-06-01,0.0
1350,lat_39_693_lon_19_957,2019-03-13,0.0
1351,lat_39_693_lon_19_957,2020-05-11,0.0
1352,lat_39_693_lon_19_957,2020-01-02,0.0
1353,lat_39_693_lon_19_957,2019-03-08,0.0
1354,lat_39_693_lon_19_957,2020-02-01,0.0
1355,lat_39_693_lon_19_957,2020-04-16,0.0
1356,lat_39_693_lon_19_957,2019-01-02,0.0
1357,lat_39_693_lon_19_957,2020-03-17,0.0
1358,lat_39_693_lon_19_957,2019-02-16,0.0
1359,lat_39_693_lon_19_957,2019-06-21,0.0
1360,lat_39_693_lon_19_957,2019-01-17,0.0
1361,lat_39_693_lon_19_957,2020-02-16,0.0
1362,lat_39_693_lon_19_957,2020-01-17,0.0
1363,lat_39_693_lon_19_957,2019-06-16,0.0
1364,lat_39_693_lon_19_957,2020-01-22,0.0
1365,lat_39_693_lon_19_957,2020-02-21,0.0
1366,lat_39_693_lon_19_957,2019-05-17,0.0
1367,lat_39_693_lon_19_957,2019-02-21,0.0
1368,lat_39_693_lon_19_957,2019-03-23,0.0
1369,lat_39_693_lon_19_957,2019-01-07,0.0
1370,lat_39_693_lon_19_957,2019-06-11,0.0
1371,lat_39_693_lon_19_957,2020-01-07,0.0
1372,lat_39_693_lon_19_957,2020-02-11,0.0
1373,lat_39_693_lon_19_957,2019-05-07,0.0
1374,lat_39_693_lon_19_957,2019-04-17,0.0
1375,lat_39_693_lon_19_957,2019-06-06,0.0
1376,lat_39_693_lon_19_957,2019-01-12,0.0
1377,lat_39_693_lon_19_957,2019-01-27,0.0
1378,lat_39_693_lon_19_957,2019-02-26,1.0
1379,lat_39_693_lon_19_957,2020-04-06,0.0
1380,lat_39_693_lon_19_957,2020-04-11,0.0
1381,lat_39_693_lon_19_957,2020-03-12,0.0
1382,lat_39_693_lon_19_957,2019-04-02,0.0
1383,lat_39_693_lon_19_957,2019-03-03,0.0
1384,lat_40_831_lon_14_278,2019-03-22,1.0
1385,lat_40_831_lon_14_278,2019-01-06,0.0
1386,lat_40_831_lon_14_278,2020-01-06,0.0
1387,lat_40_831_lon_14_278,2020-04-30,0.0
1388,lat_40_831_lon_14_278,2020-04-12,0.0
1389,lat_40_831_lon_14_278,2020-03-31,0.0
1390,lat_40_831_lon_14_278,2019-06-27,2.0
1391,lat_40_831_lon_14_278,2020-01-11,-1.0
1392,lat_40_831_lon_14_278,2019-02-27,1.0
1393,lat_40_831_lon_14_278,2019-03-17,0.0
1394,lat_40_831_lon_14_278,2020-03-08,0.0
1395,lat_40_831_lon_14_278,2020-04-07,0.0
1396,lat_40_831_lon_14_278,2020-02-27,0.0
1397,lat_40_831_lon_14_278,2020-04-25,0.0
1398,lat_40_831_lon_14_278,2019-06-12,-1.0
1399,lat_40_831_lon_14_278,2019-03-24,0.0
1400,lat_40_831_lon_14_278,2019-01-26,0.0
1401,lat_40_831_lon_14_278,2019-02-25,0.0
1402,lat_40_831_lon_14_278,2019-05-13,0.0
1403,lat_40_831_lon_14_278,2019-02-07,2.0
1404,lat_40_831_lon_14_278,2020-01-08,-1.0
1405,lat_40_831_lon_14_278,2020-05-22,0.0
1406,lat_40_831_lon_14_278,2020-02-25,2.0
1407,lat_40_831_lon_14_278,2020-02-07,0.0
1408,lat_40_831_lon_14_278,2020-04-10,0.0
1409,lat_40_831_lon_14_278,2019-04-18,-1.0
1410,lat_40_831_lon_14_278,2020-01-13,0.0
1411,lat_40_831_lon_14_278,2020-03-11,0.0
1412,lat_40_831_lon_14_278,2019-06-07,0.0
1413,lat_40_831_lon_14_278,2020-03-28,0.0
1414,lat_40_831_lon_14_278,2019-04-01,1.0
1415,lat_40_831_lon_14_278,2019-03-02,-1.0
1416,lat_40_831_lon_14_278,2019-02-12,-1.0
1417,lat_40_831_lon_14_278,2020-04-27,-1.0
1418,lat_40_831_lon_14_278,2019-02-15,0.0
1419,lat_40_831_lon_14_278,2019-01-16,2.0
1420,lat_40_831_lon_14_278,2019-03-14,2.0
1421,lat_40_831_lon_14_278,2019-06-02,0.0
1422,lat_40_831_lon_14_278,2020-02-15,1.0
1423,lat_40_831_lon_14_278,2020-05-12,0.0
1424,lat_40_831_lon_14_278,2020-01-16,1.0
1425,lat_40_831_lon_14_278,2019-03-09,1.0
1426,lat_40_831_lon_14_278,2020-01-21,0.0
1427,lat_40_831_lon_14_278,2020-02-20,1.0
1428,lat_40_831_lon_14_278,2019-05-16,-1.0
1429,lat_40_831_lon_14_278,2019-04-08,0.0
1430,lat_40_831_lon_14_278,2019-02-20,-1.0
1431,lat_40_831_lon_14_278,2020-05-07,0.0
1432,lat_40_831_lon_14_278,2020-04-17,0.0
1433,lat_40_831_lon_14_278,2020-03-18,2.0
1434,lat_40_831_lon_14_278,2019-02-17,1.0
1435,lat_40_831_lon_14_278,2020-01-01,1.0
1436,lat_40_831_lon_14_278,2019-05-23,0.0
1437,lat_40_831_lon_14_278,2019-03-07,2.0
1438,lat_40_831_lon_14_278,2019-04-06,1.0
1439,lat_40_831_lon_14_278,2020-05-05,-1.0
1440,lat_40_831_lon_14_278,2020-02-17,1.0
1441,lat_40_831_lon_14_278,2020-04-15,0.0
1442,lat_40_831_lon_14_278,2019-01-01,0.0
1443,lat_40_831_lon_14_278,2020-03-16,0.0
1444,lat_40_831_lon_14_278,2019-06-17,0.0
1445,lat_40_831_lon_14_278,2019-03-29,1.0
1446,lat_40_831_lon_14_278,2020-03-03,1.0
1447,lat_40_831_lon_14_278,2020-01-23,0.0
1448,lat_40_831_lon_14_278,2020-02-22,-1.0
1449,lat_40_831_lon_14_278,2020-04-02,0.0
1450,lat_40_831_lon_14_278,2019-04-11,1.0
1451,lat_51_969_lon_4_116,2019-03-22,1.0
1452,lat_51_969_lon_4_116,2019-05-11,1.0
1453,lat_51_969_lon_4_116,2019-02-23,3.0
1454,lat_51_969_lon_4_116,2019-04-21,1.0
1455,lat_51_969_lon_4_116,2019-06-18,-3.0
1456,lat_51_969_lon_4_116,2020-03-04,1.0
1457,lat_51_969_lon_4_116,2020-03-31,-1.0
1458,lat_51_969_lon_4_116,2020-04-03,-1.0
1459,lat_51_969_lon_4_116,2020-02-05,1.0
1460,lat_51_969_lon_4_116,2019-04-16,0.0
1461,lat_51_969_lon_4_116,2019-05-24,0.0
1462,lat_51_969_lon_4_116,2019-01-19,-1.0
1463,lat_51_969_lon_4_116,2020-03-26,-2.0
1464,lat_51_969_lon_4_116,2020-05-15,1.0
1465,lat_51_969_lon_4_116,2019-06-30,-1.0
1466,lat_51_969_lon_4_116,2019-04-14,0.0
1467,lat_51_969_lon_4_116,2019-02-25,1.0
1468,lat_51_969_lon_4_116,2019-05-31,0.0
1469,lat_51_969_lon_4_116,2020-03-24,1.0
1470,lat_51_969_lon_4_116,2020-04-05,-1.0
1471,lat_51_969_lon_4_116,2020-04-23,1.0
1472,lat_51_969_lon_4_116,2020-04-10,1.0
1473,lat_51_969_lon_4_116,2019-04-01,1.0
1474,lat_51_969_lon_4_116,2019-02-15,-2.0
1475,lat_51_969_lon_4_116,2019-03-05,-1.0
1476,lat_51_969_lon_4_116,2020-04-13,-1.0
1477,lat_51_969_lon_4_116,2019-06-28,-1.0
1478,lat_51_969_lon_4_116,2020-03-14,-1.0
1479,lat_51_969_lon_4_116,2020-03-01,1.0
1480,lat_51_969_lon_4_116,2019-04-26,1.0
1481,lat_51_969_lon_4_116,2019-02-20,-1.0
1482,lat_51_969_lon_4_116,2020-04-08,-1.0
1483,lat_51_969_lon_4_116,2019-01-21,-1.0
1484,lat_51_969_lon_4_116,2019-03-25,0.0
1485,lat_51_969_lon_4_116,2019-03-07,-1.0
1486,lat_51_969_lon_4_116,2019-05-14,3.0
1487,lat_51_969_lon_4_116,2020-04-15,-1.0
1488,lat_51_969_lon_4_116,2020-03-16,1.0
1489,lat_51_969_lon_4_116,2020-03-21,-2.0
1490,lat_51_969_lon_4_116,2019-04-19,-1.0
1491,lat_51_969_lon_4_116,2020-04-20,0.0
1492,lat_51_969_lon_4_116,2019-03-30,-3.0
1493,lat_51_969_lon_4_116,2020-03-29,-2.0
1494,lat_51_969_lon_4_116,2020-05-18,1.0
1495,lat_51_969_lon_4_116,2019-04-11,-1.0
1496,lat_58_14_lon_7_99,2020-02-02,0.0
1497,lat_58_14_lon_7_99,2020-04-07,2.0
1498,lat_44_1_lon_28_71,2020-04-02,0.0
1499,lat_44_1_lon_28_71,2020-04-22,0.0
1500,lat_44_1_lon_28_71,2020-04-07,0.0
1501,lat_44_1_lon_28_71,2020-02-17,1.0
1502,lat_44_1_lon_28_71,2020-03-13,0.0
1503,lat_44_1_lon_28_71,2020-04-12,0.0
1504,lat_44_1_lon_28_71,2020-01-13,0.0
1505,lat_44_1_lon_28_71,2020-02-12,0.0
1506,lat_44_1_lon_28_71,2020-04-27,0.0
1507,lat_44_1_lon_28_71,2020-02-07,0.0
1508,lat_44_1_lon_28_71,2020-01-08,0.0
1509,lat_59_67_lon_10_61,2020-02-22,0.0
1510,lat_59_67_lon_10_61,2020-04-02,0.0
1511,lat_59_67_lon_10_61,2020-03-18,0.0
1512,lat_59_67_lon_10_61,2020-04-17,0.0
1513,lat_59_67_lon_10_61,2020-04-22,0.0
1514,lat_59_67_lon_10_61,2020-04-07,0.0
1515,lat_59_67_lon_10_61,2020-03-13,0.0
1516,lat_59_67_lon_10_61,2020-03-28,0.0
1517,lat_59_67_lon_10_61,2020-05-02,1.0
1518,lat_54_19_lon_15_55,2020-04-02,-1.0
1519,lat_54_19_lon_15_55,2020-04-17,0.0
1520,lat_54_19_lon_15_55,2020-03-23,0.0
1521,lat_54_19_lon_15_55,2020-04-07,0.0
1522,lat_54_19_lon_15_55,2020-05-02,0.0
1523,lat_54_19_lon_15_55,2020-04-12,-1.0
1524,lat_54_19_lon_15_55,2020-02-12,0.0
1525,lat_51_05_lon_2_15,2020-01-03,0.0
1526,lat_51_05_lon_2_15,2020-04-22,0.0
1527,lat_51_05_lon_2_15,2020-03-23,0.0
1528,lat_51_05_lon_2_15,2020-01-18,1.0
1529,lat_51_05_lon_2_15,2020-04-07,0.0
1530,lat_51_05_lon_2_15,2020-01-28,0.0
1531,lat_49_66_lon_-1_615,2020-01-18,0.0
1532,lat_49_66_lon_-1_615,2020-04-02,0.0
1533,lat_49_66_lon_-1_615,2020-03-03,0.0
1534,lat_49_66_lon_-1_615,2020-03-18,0.0
1535,lat_49_66_lon_-1_615,2020-04-22,0.0
1536,lat_49_66_lon_-1_615,2020-04-12,0.0
1537,lat_49_66_lon_-1_615,2020-04-27,0.0
1538,lat_49_66_lon_-1_615,2020-05-07,1.0
1539,lat_49_66_lon_-1_615,2020-02-07,0.0
1540,lat_51_98_lon_4_08,2020-03-13,0.0
1541,lat_51_98_lon_4_08,2020-04-12,0.0
1542,lat_51_98_lon_4_08,2020-03-28,0.0
1543,lat_51_98_lon_4_08,2020-05-12,1.0
1544,lat_51_98_lon_4_08,2020-03-23,1.0
1545,lat_60_16_lon_24_97,2020-04-02,0.0
1546,lat_60_16_lon_24_97,2020-03-18,0.0
1547,lat_60_16_lon_24_97,2020-04-17,0.0
1548,lat_60_16_lon_24_97,2020-05-07,3.0
1549,lat_60_16_lon_24_97,2020-04-07,0.0
1550,lat_60_16_lon_24_97,2020-03-13,0.0
1551,lat_60_16_lon_24_97,2020-04-12,0.0
1552,lat_44_71_lon_37_81,2020-01-18,0.0
1553,lat_44_71_lon_37_81,2020-04-02,0.0
1554,lat_44_71_lon_37_81,2020-02-12,-1.0
1555,lat_44_71_lon_37_81,2020-03-03,0.0
1556,lat_44_71_lon_37_81,2020-01-23,0.0
1557,lat_44_71_lon_37_81,2020-01-03,0.0
1558,lat_44_71_lon_37_81,2020-04-17,0.0
1559,lat_44_71_lon_37_81,2020-03-23,0.0
1560,lat_44_71_lon_37_81,2020-04-07,0.0
1561,lat_44_71_lon_37_81,2020-03-13,0.0
1562,lat_44_71_lon_37_81,2020-04-12,0.0
1563,lat_45_23_lon_28_74,2020-02-17,0.0
1564,lat_45_23_lon_28_74,2020-04-02,0.0
1565,lat_45_23_lon_28_74,2020-03-03,0.0
1566,lat_45_23_lon_28_74,2020-03-18,0.0
1567,lat_45_23_lon_28_74,2020-04-12,1.0
1568,lat_45_23_lon_28_74,2020-02-27,0.0
1569,lat_45_23_lon_28_74,2020-04-07,0.0
1570,lat_45_23_lon_28_74,2020-03-13,0.0
1571,lat_45_23_lon_28_74,2020-01-13,0.0
1572,lat_45_23_lon_28_74,2020-02-12,0.0
1573,lat_45_23_lon_28_74,2020-04-27,0.0
1574,lat_45_23_lon_28_74,2020-01-08,0.0
1575,lat_41_145_lon_16_85,2020-02-22,0.0
1576,lat_41_145_lon_16_85,2020-04-02,0.0
1577,lat_41_145_lon_16_85,2020-03-18,0.0
1578,lat_41_145_lon_16_85,2020-04-22,0.0
1579,lat_41_145_lon_16_85,2020-04-07,0.0
1580,lat_41_145_lon_16_85,2020-01-13,1.0
1581,lat_41_145_lon_16_85,2020-05-02,0.0
1582,lat_41_145_lon_16_85,2020-05-07,-3.0
1583,lat_41_145_lon_16_85,2020-01-08,0.0
1584,lat_41_145_lon_16_85,2020-01-23,2.0
1585,lat_43_8_lon_28_6,2020-02-17,0.0
1586,lat_43_8_lon_28_6,2020-04-02,0.0
1587,lat_43_8_lon_28_6,2020-02-02,0.0
1588,lat_43_8_lon_28_6,2020-03-13,-1.0
1589,lat_43_8_lon_28_6,2020-04-22,0.0
1590,lat_43_8_lon_28_6,2020-04-07,0.0
1591,lat_43_8_lon_28_6,2020-04-12,0.0
1592,lat_43_8_lon_28_6,2020-01-13,0.0
1593,lat_43_8_lon_28_6,2020-04-27,0.0
1594,lat_43_8_lon_28_6,2020-03-18,1.0
1595,lat_58_91_lon_17_97,2020-04-22,2.0
1596,lat_58_91_lon_17_97,2020-01-18,0.0
1597,lat_58_91_lon_17_97,2020-02-02,0.0
1598,lat_58_91_lon_17_97,2020-01-03,0.0
1599,lat_58_91_lon_17_97,2020-03-18,0.0
1600,lat_58_91_lon_17_97,2020-05-07,0.0
1601,lat_58_91_lon_17_97,2020-02-27,0.0
1602,lat_58_91_lon_17_97,2020-03-13,0.0
1603,lat_58_91_lon_17_97,2020-02-22,1.0
1604,lat_58_91_lon_17_97,2020-05-02,0.0
1605,lat_58_91_lon_17_97,2020-04-12,0.0
1606,lat_58_91_lon_17_97,2020-02-12,0.0
1607,lat_58_91_lon_17_97,2020-03-28,0.0
1608,lat_48_35_lon_-4_55,2020-04-02,0.0
1609,lat_48_35_lon_-4_55,2020-02-02,0.0
1610,lat_48_35_lon_-4_55,2020-01-18,2.0
1611,lat_48_35_lon_-4_55,2020-03-23,0.0
1612,lat_48_35_lon_-4_55,2020-04-07,0.0
1613,lat_48_35_lon_-4_55,2020-04-12,0.0
1614,lat_48_35_lon_-4_55,2020-01-13,0.0
1615,lat_41_025_lon_29_0,2020-01-18,0.0
1616,lat_41_025_lon_29_0,2020-04-27,-1.0
1617,lat_41_025_lon_29_0,2020-05-07,1.0
1618,lat_41_025_lon_29_0,2020-01-08,2.0
1619,lat_41_025_lon_29_0,2020-04-17,0.0
1620,lat_41_025_lon_29_0,2020-04-07,0.0
1621,lat_41_025_lon_29_0,2020-02-17,1.0
1622,lat_41_025_lon_29_0,2020-03-28,1.0
1623,lat_41_025_lon_29_0,2020-03-18,1.0
1624,lat_41_025_lon_29_0,2020-04-22,1.0
1625,lat_41_025_lon_29_0,2020-02-22,4.0
1626,lat_41_025_lon_29_0,2020-01-23,4.0
1627,lat_49_485_lon_0_09,2020-05-07,2.0
1628,lat_49_485_lon_0_09,2020-04-22,0.0
1629,lat_49_485_lon_0_09,2020-03-23,0.0
1630,lat_49_485_lon_0_09,2020-03-08,0.0
1631,lat_49_485_lon_0_09,2020-04-12,0.0
1632,lat_49_485_lon_0_09,2020-01-03,1.0
1633,lat_42_11_lon_11_76,2020-02-07,-1.0
1634,lat_42_11_lon_11_76,2020-01-18,0.0
1635,lat_42_11_lon_11_76,2020-02-17,0.0
1636,lat_42_11_lon_11_76,2020-01-08,1.0
1637,lat_42_11_lon_11_76,2020-04-02,0.0
1638,lat_42_11_lon_11_76,2020-03-03,0.0
1639,lat_42_11_lon_11_76,2020-01-03,0.0
1640,lat_42_11_lon_11_76,2020-03-18,0.0
1641,lat_42_11_lon_11_76,2020-05-07,0.0
1642,lat_42_11_lon_11_76,2020-03-23,0.0
1643,lat_42_11_lon_11_76,2020-02-27,0.0
1644,lat_42_11_lon_11_76,2020-04-07,0.0
1645,lat_42_11_lon_11_76,2020-05-02,0.0
1646,lat_42_11_lon_11_76,2020-01-13,0.0
1647,lat_42_11_lon_11_76,2020-03-28,0.0
1648,lat_45_31_lon_28_0,2020-02-17,0.0
1649,lat_45_31_lon_28_0,2020-01-23,0.0
1650,lat_45_31_lon_28_0,2020-03-18,0.0
1651,lat_45_31_lon_28_0,2020-04-22,0.0
1652,lat_45_31_lon_28_0,2020-02-27,0.0
1653,lat_45_31_lon_28_0,2020-04-07,0.0
1654,lat_45_31_lon_28_0,2020-03-13,0.0
1655,lat_45_31_lon_28_0,2020-04-02,1.0
1656,lat_45_31_lon_28_0,2020-04-12,0.0
1657,lat_45_31_lon_28_0,2020-02-12,0.0
1658,lat_45_31_lon_28_0,2020-04-27,0.0
1659,lat_45_31_lon_28_0,2020-01-08,0.0
1660,lat_44_385_lon_8_94,2020-04-02,0.0
1661,lat_44_385_lon_8_94,2020-03-18,0.0
1662,lat_44_385_lon_8_94,2020-01-13,2.0
1663,lat_44_385_lon_8_94,2020-03-23,0.0
1664,lat_44_385_lon_8_94,2020-02-27,0.0
1665,lat_44_385_lon_8_94,2020-04-07,0.0
1666,lat_44_385_lon_8_94,2020-03-08,0.0
1667,lat_44_385_lon_8_94,2020-04-12,0.0
1668,lat_44_385_lon_8_94,2020-02-12,0.0
1669,lat_44_385_lon_8_94,2020-04-27,0.0
1670,lat_44_385_lon_8_94,2020-02-07,0.0
1671,lat_45_35_lon_19_02,2020-02-17,0.0
1672,lat_45_35_lon_19_02,2020-04-02,0.0
1673,lat_45_35_lon_19_02,2020-03-03,0.0
1674,lat_45_35_lon_19_02,2020-01-03,0.0
1675,lat_45_35_lon_19_02,2020-05-07,0.0
1676,lat_45_35_lon_19_02,2020-04-22,0.0
1677,lat_45_35_lon_19_02,2020-04-07,0.0
1678,lat_45_35_lon_19_02,2020-03-08,0.0
1679,lat_45_35_lon_19_02,2020-01-28,0.0
1680,lat_45_35_lon_19_02,2020-03-13,0.0
1681,lat_45_35_lon_19_02,2020-05-02,0.0
1682,lat_45_35_lon_19_02,2020-03-18,-1.0
1683,lat_45_35_lon_19_02,2020-02-07,0.0
1684,lat_45_35_lon_19_02,2020-01-08,0.0
1685,lat_60_15_lon_24_92,2020-05-07,-2.0
1686,lat_60_15_lon_24_92,2020-03-18,0.0
1687,lat_60_15_lon_24_92,2020-04-07,0.0
1688,lat_35_9_lon_14_52,2020-04-02,0.0
1689,lat_35_9_lon_14_52,2020-03-18,0.0
1690,lat_35_9_lon_14_52,2020-03-13,1.0
1691,lat_35_9_lon_14_52,2020-04-07,0.0
1692,lat_35_9_lon_14_52,2020-05-02,0.0
1693,lat_35_9_lon_14_52,2020-04-12,0.0
1694,lat_35_9_lon_14_52,2020-01-08,0.0
1695,lat_35_9_lon_14_52,2020-03-03,3.0
1696,lat_40_43_lon_17_19,2020-04-24,0.0
1697,lat_40_43_lon_17_19,2020-05-04,1.0
1698,lat_40_43_lon_17_19,2020-04-19,0.0
1699,lat_40_43_lon_17_19,2020-04-04,0.0
1700,lat_40_43_lon_17_19,2020-05-09,1.0
1701,lat_40_43_lon_17_19,2020-04-09,0.0
1702,lat_44_12_lon_15_22,2020-02-17,0.0
1703,lat_44_12_lon_15_22,2020-01-23,0.0
1704,lat_44_12_lon_15_22,2020-03-18,0.0
1705,lat_44_12_lon_15_22,2020-02-07,-2.0
1706,lat_44_12_lon_15_22,2020-02-27,0.0
1707,lat_44_12_lon_15_22,2020-01-13,0.0
1708,lat_44_12_lon_15_22,2020-02-12,0.0
1709,lat_44_12_lon_15_22,2020-03-28,0.0
1710,lat_44_12_lon_15_22,2020-04-22,1.0
1711,lat_44_12_lon_15_22,2020-03-23,-1.0
1712,lat_44_12_lon_15_22,2020-01-08,0.0
1713,lat_43_28_lon_6_635,2020-02-22,0.0
1714,lat_43_28_lon_6_635,2020-04-02,0.0
1715,lat_43_28_lon_6_635,2020-02-12,1.0
1716,lat_43_28_lon_6_635,2020-03-18,0.0
1717,lat_43_28_lon_6_635,2020-04-22,0.0
1718,lat_43_28_lon_6_635,2020-04-07,0.0
1719,lat_43_28_lon_6_635,2020-03-13,0.0
1720,lat_43_28_lon_6_635,2020-05-02,0.0
1721,lat_43_28_lon_6_635,2020-04-12,0.0
1722,lat_43_28_lon_6_635,2020-01-03,1.0
1723,lat_43_28_lon_6_635,2020-03-28,0.0
1724,lat_35_99_lon_14_33,2020-02-17,0.0
1725,lat_35_99_lon_14_33,2020-02-22,0.0
1726,lat_35_99_lon_14_33,2020-02-02,0.0
1727,lat_35_99_lon_14_33,2020-01-03,0.0
1728,lat_35_99_lon_14_33,2020-01-28,-1.0
1729,lat_35_99_lon_14_33,2020-01-18,1.0
1730,lat_35_99_lon_14_33,2020-02-27,0.0
1731,lat_35_99_lon_14_33,2020-02-07,0.0
1732,lat_9_4_lon_-79_92,2019-02-17,0.0
1733,lat_9_4_lon_-79_92,2019-03-24,1.0
1734,lat_9_4_lon_-79_92,2019-03-19,1.0
1735,lat_9_4_lon_-79_92,2019-05-18,0.0
1736,lat_9_4_lon_-79_92,2019-03-29,0.0
1737,lat_9_4_lon_-79_92,2019-02-12,-1.0
1738,lat_9_4_lon_-79_92,2019-02-22,0.0
1739,lat_9_4_lon_-79_92,2019-01-03,0.0
1740,lat_9_4_lon_-79_92,2019-02-02,0.0
1741,lat_9_4_lon_-79_92,2019-04-03,1.0
1742,lat_9_4_lon_-79_92,2019-01-23,-1.0
1743,lat_9_4_lon_-79_92,2019-01-13,0.0
1744,lat_9_4_lon_-79_92,2019-01-08,0.0
1745,lat_9_4_lon_-79_92,2019-03-14,-1.0
1746,lat_9_4_lon_-79_92,2019-04-23,0.0
1747,lat_47_46_lon_19_06,2020-02-22,0.0
1748,lat_47_46_lon_19_06,2020-04-02,0.0
1749,lat_47_46_lon_19_06,2020-03-03,0.0
1750,lat_47_46_lon_19_06,2020-04-07,1.0
1751,lat_47_46_lon_19_06,2020-04-22,0.0
1752,lat_47_46_lon_19_06,2020-03-08,0.0
1753,lat_47_46_lon_19_06,2020-03-13,0.0
1754,lat_12_59_lon_43_36,2019-01-18,0.0
1755,lat_12_59_lon_43_36,2019-02-17,0.0
1756,lat_12_59_lon_43_36,2019-04-28,0.0
1757,lat_12_59_lon_43_36,2019-05-18,0.0
1758,lat_12_59_lon_43_36,2019-03-29,0.0
1759,lat_12_59_lon_43_36,2019-01-23,0.0
1760,lat_12_59_lon_43_36,2019-02-22,0.0
1761,lat_12_59_lon_43_36,2019-03-09,0.0
1762,lat_12_59_lon_43_36,2019-01-03,0.0
1763,lat_12_59_lon_43_36,2019-02-02,0.0
1764,lat_12_59_lon_43_36,2019-05-03,0.0
1765,lat_12_59_lon_43_36,2019-04-13,0.0
1766,lat_12_59_lon_43_36,2019-03-14,0.0
1767,lat_12_59_lon_43_36,2019-06-02,0.0
1768,lat_12_59_lon_43_36,2019-02-27,0.0
1769,lat_12_59_lon_43_36,2019-01-28,0.0
1770,lat_12_59_lon_43_36,2019-05-28,0.0
1771,lat_12_59_lon_43_36,2019-03-04,0.0
1772,lat_12_59_lon_43_36,2019-01-13,2.0
1773,lat_12_59_lon_43_36,2019-03-19,0.0
1774,lat_12_59_lon_43_36,2019-05-08,0.0
1775,lat_12_59_lon_43_36,2019-04-18,0.0
1776,lat_12_59_lon_43_36,2019-02-12,0.0
1777,lat_12_59_lon_43_36,2019-01-08,0.0
1778,lat_12_59_lon_43_36,2019-03-24,0.0
1779,lat_12_59_lon_43_36,2019-05-13,0.0
1780,lat_12_59_lon_43_36,2019-02-07,0.0
1781,lat_12_59_lon_43_36,2019-04-23,0.0
1782,lat_45_425_lon_12_37,2020-04-02,0.0
1783,lat_45_425_lon_12_37,2020-03-18,1.0
1784,lat_45_425_lon_12_37,2020-02-07,2.0
1785,lat_45_425_lon_12_37,2020-05-07,3.0
1786,lat_45_425_lon_12_37,2020-04-07,0.0
1787,lat_45_425_lon_12_37,2020-04-12,0.0
1788,lat_45_425_lon_12_37,2020-02-27,2.0
1789,lat_45_425_lon_12_37,2020-01-08,2.0
1790,lat_45_425_lon_12_37,2020-05-02,-2.0
1791,lat_-34_56_lon_18_72,2019-01-18,0.0
1792,lat_-34_56_lon_18_72,2019-02-17,0.0
1793,lat_-34_56_lon_18_72,2019-05-23,0.0
1794,lat_-34_56_lon_18_72,2019-04-28,0.0
1795,lat_-34_56_lon_18_72,2019-03-29,0.0
1796,lat_-34_56_lon_18_72,2019-02-22,0.0
1797,lat_-34_56_lon_18_72,2019-04-08,0.0
1798,lat_-34_56_lon_18_72,2019-02-02,0.0
1799,lat_-34_56_lon_18_72,2019-05-03,0.0
1800,lat_-34_56_lon_18_72,2019-04-13,0.0
1801,lat_-34_56_lon_18_72,2019-06-02,0.0
1802,lat_-34_56_lon_18_72,2019-02-27,0.0
1803,lat_-34_56_lon_18_72,2019-01-28,0.0
1804,lat_-34_56_lon_18_72,2019-05-08,0.0
1805,lat_-34_56_lon_18_72,2019-01-08,0.0
1806,lat_-34_56_lon_18_72,2019-02-07,0.0
1807,lat_-34_56_lon_18_72,2019-04-23,0.0
1808,lat_26_53_lon_56_6,2019-01-18,0.0
1809,lat_26_53_lon_56_6,2019-02-17,0.0
1810,lat_26_53_lon_56_6,2019-05-23,0.0
1811,lat_26_53_lon_56_6,2019-04-28,0.0
1812,lat_26_53_lon_56_6,2019-01-23,0.0
1813,lat_26_53_lon_56_6,2019-02-22,0.0
1814,lat_26_53_lon_56_6,2019-04-08,0.0
1815,lat_26_53_lon_56_6,2019-03-09,0.0
1816,lat_26_53_lon_56_6,2019-01-03,0.0
1817,lat_26_53_lon_56_6,2019-04-03,0.0
1818,lat_26_53_lon_56_6,2019-03-19,0.0
1819,lat_26_53_lon_56_6,2019-05-08,0.0
1820,lat_26_53_lon_56_6,2019-04-18,0.0
1821,lat_26_53_lon_56_6,2019-02-12,0.0
1822,lat_26_53_lon_56_6,2019-01-08,0.0
1823,lat_26_53_lon_56_6,2019-05-13,0.0
1824,lat_26_53_lon_56_6,2019-02-07,0.0
1825,lat_43_09_lon_5_93,2020-02-17,0.0
1826,lat_43_09_lon_5_93,2020-04-02,0.0
1827,lat_43_09_lon_5_93,2020-01-23,0.0
1828,lat_43_09_lon_5_93,2020-02-02,0.0
1829,lat_43_09_lon_5_93,2020-01-03,0.0
1830,lat_43_09_lon_5_93,2020-03-18,0.0
1831,lat_43_09_lon_5_93,2020-04-07,1.0
1832,lat_43_09_lon_5_93,2020-05-07,0.0
1833,lat_43_09_lon_5_93,2020-04-22,0.0
1834,lat_43_09_lon_5_93,2020-02-22,2.0
1835,lat_43_09_lon_5_93,2020-05-02,0.0
1836,lat_43_09_lon_5_93,2020-04-27,0.0
1837,lat_43_09_lon_5_93,2020-02-07,3.0
1838,lat_40_14_lon_26_385,2020-02-07,1.0
1839,lat_40_14_lon_26_385,2020-02-17,0.0
1840,lat_40_14_lon_26_385,2020-01-23,0.0
1841,lat_40_14_lon_26_385,2020-03-18,2.0
1842,lat_40_14_lon_26_385,2020-01-03,0.0
1843,lat_40_14_lon_26_385,2020-05-07,0.0
1844,lat_40_14_lon_26_385,2020-04-17,0.0
1845,lat_40_14_lon_26_385,2020-03-08,0.0
1846,lat_40_14_lon_26_385,2020-01-28,0.0
1847,lat_40_14_lon_26_385,2020-03-13,0.0
1848,lat_40_14_lon_26_385,2020-03-03,1.0
1849,lat_40_14_lon_26_385,2020-04-12,0.0
1850,lat_40_14_lon_26_385,2020-02-02,-1.0
1851,lat_40_14_lon_26_385,2020-04-27,0.0
1852,lat_40_14_lon_26_385,2020-05-12,1.0
1853,lat_39_2_lon_9_11,2020-02-07,1.0
1854,lat_39_2_lon_9_11,2020-02-17,0.0
1855,lat_39_2_lon_9_11,2020-03-18,0.0
1856,lat_39_2_lon_9_11,2020-05-07,0.0
1857,lat_39_2_lon_9_11,2020-02-27,0.0
1858,lat_39_2_lon_9_11,2020-04-07,0.0
1859,lat_39_2_lon_9_11,2020-01-13,1.0
1860,lat_39_2_lon_9_11,2020-05-02,0.0
1861,lat_39_2_lon_9_11,2020-04-27,0.0
1862,lat_39_2_lon_9_11,2020-04-22,1.0
1863,lat_39_2_lon_9_11,2020-03-23,1.0
1864,lat_45_43_lon_12_33,2020-05-02,0.0
1865,lat_45_43_lon_12_33,2020-04-12,0.0
1866,lat_45_43_lon_12_33,2020-03-18,-3.0
1867,lat_45_43_lon_12_33,2020-02-27,-4.0
1868,lat_45_43_lon_12_33,2020-03-28,0.0
1869,lat_45_43_lon_12_33,2020-04-22,1.0
1870,lat_44_835_lon_20_645,2020-02-27,3.0
1871,lat_44_835_lon_20_645,2020-04-17,0.0
1872,lat_44_835_lon_20_645,2020-03-18,4.0
1873,lat_44_835_lon_20_645,2020-03-13,3.0
1874,lat_44_835_lon_20_645,2020-01-08,2.0
1875,lat_44_835_lon_20_645,2020-04-07,4.0
1876,lat_44_835_lon_20_645,2020-04-02,2.0
1877,lat_43_04_lon_17_42,2020-02-17,0.0
1878,lat_43_04_lon_17_42,2020-04-02,0.0
1879,lat_43_04_lon_17_42,2020-03-03,0.0
1880,lat_43_04_lon_17_42,2020-03-18,1.0
1881,lat_43_04_lon_17_42,2020-01-03,0.0
1882,lat_43_04_lon_17_42,2020-05-07,0.0
1883,lat_43_04_lon_17_42,2020-04-22,0.0
1884,lat_43_04_lon_17_42,2020-04-07,0.0
1885,lat_43_04_lon_17_42,2020-03-08,0.0
1886,lat_43_04_lon_17_42,2020-01-28,0.0
1887,lat_43_04_lon_17_42,2020-03-13,0.0
1888,lat_43_04_lon_17_42,2020-05-02,0.0
1889,lat_43_04_lon_17_42,2020-01-13,0.0
1890,lat_43_04_lon_17_42,2020-02-07,0.0
1891,lat_37_94_lon_-8_88,2020-02-17,0.0
1892,lat_37_94_lon_-8_88,2020-01-03,0.0
1893,lat_37_94_lon_-8_88,2020-05-07,0.0
1894,lat_37_94_lon_-8_88,2020-04-17,0.0
1895,lat_37_94_lon_-8_88,2020-03-23,0.0
1896,lat_37_94_lon_-8_88,2020-03-08,0.0
1897,lat_37_94_lon_-8_88,2020-02-22,1.0
1898,lat_37_94_lon_-8_88,2020-01-13,0.0
1899,lat_37_94_lon_-8_88,2020-01-18,2.0
1900,lat_37_94_lon_-8_88,2020-01-08,0.0
1901,lat_8_87_lon_-79_53,2019-04-23,1.0
1902,lat_8_87_lon_-79_53,2019-04-03,-3.0
1903,lat_8_87_lon_-79_53,2019-03-24,-1.0
1904,lat_8_87_lon_-79_53,2019-01-08,1.0
1905,lat_8_87_lon_-79_53,2019-01-28,-3.0
1906,lat_8_87_lon_-79_53,2019-03-09,2.0
1907,lat_8_87_lon_-79_53,2019-01-13,0.0
1908,lat_8_87_lon_-79_53,2019-01-18,2.0
1909,lat_8_87_lon_-79_53,2019-02-27,-1.0
1910,lat_8_87_lon_-79_53,2019-02-17,-2.0
1911,lat_8_87_lon_-79_53,2019-03-19,3.0
1912,lat_8_87_lon_-79_53,2019-04-18,-3.0
1913,lat_8_87_lon_-79_53,2019-01-03,4.0
1914,lat_8_87_lon_-79_53,2019-03-04,1.0
1915,lat_8_87_lon_-79_53,2019-02-22,-4.0
1916,lat_8_87_lon_-79_53,2019-04-08,3.0
1917,lat_8_87_lon_-79_53,2019-02-12,-2.0
1918,lat_8_87_lon_-79_53,2019-01-23,-1.0
1919,lat_8_87_lon_-79_53,2019-02-02,-3.0
1920,lat_8_87_lon_-79_53,2019-04-28,4.0
1921,lat_43_54_lon_10_29,2020-04-02,0.0
1922,lat_43_54_lon_10_29,2020-03-18,0.0
1923,lat_43_54_lon_10_29,2020-04-22,0.0
1924,lat_43_54_lon_10_29,2020-03-23,0.0
1925,lat_43_54_lon_10_29,2020-02-27,0.0
1926,lat_43_54_lon_10_29,2020-04-07,0.0
1927,lat_43_54_lon_10_29,2020-05-02,0.0
1928,lat_43_54_lon_10_29,2020-03-28,0.0
1929,lat_43_54_lon_10_29,2020-05-07,1.0
1930,lat_43_54_lon_10_29,2020-01-08,0.0
1931,lat_41_03_lon_29_01,2020-04-07,1.0
1932,lat_41_03_lon_29_01,2020-05-07,0.0
1933,lat_41_03_lon_29_01,2020-04-22,0.0
1934,lat_41_03_lon_29_01,2020-01-18,1.0
1935,lat_41_03_lon_29_01,2020-01-08,1.0
1936,lat_41_03_lon_29_01,2020-02-22,1.0
1937,lat_41_03_lon_29_01,2020-01-13,-2.0
1938,lat_41_03_lon_29_01,2020-04-27,-2.0
1939,lat_41_03_lon_29_01,2020-03-18,1.0
1940,lat_41_03_lon_29_01,2020-02-17,-2.0
1941,lat_48_61_lon_7_82,2020-04-02,0.0
1942,lat_48_61_lon_7_82,2020-04-07,1.0
1943,lat_48_61_lon_7_82,2020-04-17,0.0
1944,lat_48_61_lon_7_82,2020-03-23,0.0
1945,lat_48_61_lon_7_82,2020-02-17,-1.0
1946,lat_48_61_lon_7_82,2020-03-13,0.0
1947,lat_48_61_lon_7_82,2020-05-02,0.0
1948,lat_48_61_lon_7_82,2020-04-12,0.0
1949,lat_48_61_lon_7_82,2020-03-28,0.0
1950,lat_43_295_lon_5_35,2020-02-17,0.0
1951,lat_43_295_lon_5_35,2020-02-02,-2.0
1952,lat_43_295_lon_5_35,2020-02-22,0.0
1953,lat_43_295_lon_5_35,2020-04-02,0.0
1954,lat_43_295_lon_5_35,2020-03-13,-1.0
1955,lat_43_295_lon_5_35,2020-04-22,0.0
1956,lat_43_295_lon_5_35,2020-03-23,0.0
1957,lat_43_295_lon_5_35,2020-02-07,-2.0
1958,lat_43_295_lon_5_35,2020-04-07,0.0
1959,lat_43_295_lon_5_35,2020-02-12,2.0
1960,lat_43_295_lon_5_35,2020-05-02,0.0
1961,lat_43_295_lon_5_35,2020-04-12,0.0
1962,lat_43_295_lon_5_35,2020-01-03,-1.0
1963,lat_43_295_lon_5_35,2020-04-27,0.0
1964,lat_1_53_lon_102_8,2019-01-18,0.0
1965,lat_1_53_lon_102_8,2019-05-23,0.0
1966,lat_1_53_lon_102_8,2019-03-29,0.0
1967,lat_1_53_lon_102_8,2019-04-08,0.0
1968,lat_1_53_lon_102_8,2019-01-03,0.0
1969,lat_1_53_lon_102_8,2019-02-02,0.0
1970,lat_1_53_lon_102_8,2019-02-27,0.0
1971,lat_1_53_lon_102_8,2019-01-28,0.0
1972,lat_1_53_lon_102_8,2019-05-28,0.0
1973,lat_1_53_lon_102_8,2019-03-04,0.0
1974,lat_1_53_lon_102_8,2019-03-19,0.0
1975,lat_1_53_lon_102_8,2019-05-08,0.0
1976,lat_1_53_lon_102_8,2019-04-18,0.0
1977,lat_1_53_lon_102_8,2019-02-12,0.0
1978,lat_1_53_lon_102_8,2019-01-08,0.0
1979,lat_1_53_lon_102_8,2019-03-24,0.0
1980,lat_1_53_lon_102_8,2019-05-13,0.0
1981,lat_40_16_lon_26_395,2020-02-07,1.0
1982,lat_40_16_lon_26_395,2020-02-02,2.0
1983,lat_40_16_lon_26_395,2020-01-13,-1.0
1984,lat_40_16_lon_26_395,2020-01-23,0.0
1985,lat_40_16_lon_26_395,2020-04-17,0.0
1986,lat_40_16_lon_26_395,2020-04-12,1.0
1987,lat_40_16_lon_26_395,2020-03-08,0.0
1988,lat_40_16_lon_26_395,2020-01-28,0.0
1989,lat_40_16_lon_26_395,2020-03-13,0.0
1990,lat_40_16_lon_26_395,2020-03-03,-1.0
1991,lat_40_16_lon_26_395,2020-04-27,0.0
1992,lat_40_16_lon_26_395,2020-03-18,1.0
1993,lat_40_16_lon_26_395,2020-05-07,1.0
1994,lat_36_02_lon_14_31,2020-01-18,0.0
1995,lat_36_02_lon_14_31,2020-02-02,0.0
1996,lat_36_02_lon_14_31,2020-05-07,0.0
1997,lat_36_02_lon_14_31,2020-03-13,1.0
1998,lat_36_02_lon_14_31,2020-04-12,1.0
1999,lat_36_02_lon_14_31,2020-02-27,0.0
2000,lat_36_02_lon_14_31,2020-03-08,0.0
2001,lat_36_02_lon_14_31,2020-01-28,0.0
2002,lat_36_02_lon_14_31,2020-05-02,0.0
2003,lat_36_02_lon_14_31,2020-04-27,0.0
2004,lat_36_02_lon_14_31,2020-04-17,-1.0
2005,lat_36_02_lon_14_31,2020-02-07,0.0
2006,lat_49_94_lon_1_09,2020-01-18,0.0
2007,lat_49_94_lon_1_09,2020-04-02,0.0
2008,lat_49_94_lon_1_09,2020-03-18,0.0
2009,lat_49_94_lon_1_09,2020-03-08,0.0
2010,lat_49_94_lon_1_09,2020-01-28,0.0
2011,lat_49_94_lon_1_09,2020-04-12,0.0
2012,lat_49_94_lon_1_09,2020-03-28,0.0
2013,lat_49_94_lon_1_09,2020-04-22,1.0
2014,lat_49_94_lon_1_09,2020-03-23,-1.0
2015,lat_54_42_lon_18_66,2020-01-23,0.0
2016,lat_54_42_lon_18_66,2020-02-02,0.0
2017,lat_54_42_lon_18_66,2020-01-03,0.0
2018,lat_54_42_lon_18_66,2020-04-17,0.0
2019,lat_54_42_lon_18_66,2020-03-08,1.0
2020,lat_54_42_lon_18_66,2020-03-23,0.0
2021,lat_54_42_lon_18_66,2020-04-07,0.0
2022,lat_54_42_lon_18_66,2020-04-12,0.0
2023,lat_54_42_lon_18_66,2020-03-28,0.0
2024,lat_54_42_lon_18_66,2020-05-07,1.0
2025,lat_54_42_lon_18_66,2020-02-07,0.0
2026,lat_59_335_lon_18_2,2020-01-18,0.0
2027,lat_59_335_lon_18_2,2020-02-22,0.0
2028,lat_59_335_lon_18_2,2020-01-23,0.0
2029,lat_59_335_lon_18_2,2020-03-28,-1.0
2030,lat_59_335_lon_18_2,2020-01-03,0.0
2031,lat_59_335_lon_18_2,2020-03-18,0.0
2032,lat_59_335_lon_18_2,2020-04-17,0.0
2033,lat_59_335_lon_18_2,2020-04-22,0.0
2034,lat_59_335_lon_18_2,2020-02-27,0.0
2035,lat_59_335_lon_18_2,2020-03-13,0.0
2036,lat_59_335_lon_18_2,2020-02-02,1.0
2037,lat_59_335_lon_18_2,2020-02-12,0.0
2038,lat_59_335_lon_18_2,2020-05-12,-1.0
2039,lat_41_0_lon_29_0,2019-04-23,1.0
2040,lat_41_0_lon_29_0,2019-03-14,-2.0
2041,lat_41_0_lon_29_0,2020-01-08,1.0
2042,lat_41_0_lon_29_0,2020-02-22,0.0
2043,lat_41_0_lon_29_0,2020-01-13,-1.0
2044,lat_41_0_lon_29_0,2019-03-29,0.0
2045,lat_41_0_lon_29_0,2020-04-27,1.0
2046,lat_41_0_lon_29_0,2020-04-22,0.0
2047,lat_41_0_lon_29_0,2019-05-03,0.0
2048,lat_41_0_lon_29_0,2019-04-03,-3.0
2049,lat_41_0_lon_29_0,2019-02-17,1.0
2050,lat_41_0_lon_29_0,2019-03-24,2.0
2051,lat_41_0_lon_29_0,2019-04-28,-1.0
2052,lat_41_0_lon_29_0,2019-05-28,0.0
2053,lat_41_0_lon_29_0,2019-03-09,3.0
2054,lat_41_0_lon_29_0,2019-04-18,0.0
2055,lat_41_0_lon_29_0,2020-03-28,0.0
2056,lat_41_0_lon_29_0,2020-05-07,1.0
2057,lat_41_0_lon_29_0,2019-02-02,1.0
2058,lat_56_04_lon_12_68,2020-03-23,2.0
2059,lat_56_04_lon_12_68,2020-04-12,1.0
2060,lat_56_04_lon_12_68,2020-04-07,0.0
2061,lat_56_04_lon_12_68,2020-05-02,0.0
2062,lat_56_04_lon_12_68,2020-03-28,2.0
2063,lat_56_04_lon_12_68,2020-02-12,0.0
2064,lat_56_04_lon_12_68,2020-05-07,1.0
2065,lat_38_13_lon_15_65,2020-01-13,1.0
2066,lat_38_13_lon_15_65,2020-01-03,0.0
2067,lat_38_13_lon_15_65,2020-03-18,0.0
2068,lat_38_13_lon_15_65,2020-05-07,0.0
2069,lat_38_13_lon_15_65,2020-04-17,0.0
2070,lat_38_13_lon_15_65,2020-02-27,0.0
2071,lat_38_13_lon_15_65,2020-04-07,0.0
2072,lat_38_13_lon_15_65,2020-03-08,0.0
2073,lat_38_13_lon_15_65,2020-02-02,1.0
2074,lat_55_725_lon_21_085,2020-01-23,0.0
2075,lat_55_725_lon_21_085,2020-04-07,-1.0
2076,lat_55_725_lon_21_085,2020-05-07,0.0
2077,lat_55_725_lon_21_085,2020-04-17,0.0
2078,lat_55_725_lon_21_085,2020-03-23,0.0
2079,lat_55_725_lon_21_085,2020-03-08,0.0
2080,lat_55_725_lon_21_085,2020-03-28,0.0
2081,lat_55_725_lon_21_085,2020-02-07,0.0
2082,lat_55_725_lon_21_085,2020-04-22,1.0
2083,lat_48_54_lon_44_65,2020-04-02,4.0
2084,lat_48_54_lon_44_65,2020-04-27,1.0
2085,lat_48_54_lon_44_65,2020-04-07,3.0
2086,lat_48_54_lon_44_65,2020-04-22,2.0
2087,lat_48_54_lon_44_65,2020-03-28,0.0
2088,lat_57_69_lon_11_89,2020-03-18,0.0
2089,lat_57_69_lon_11_89,2020-04-17,0.0
2090,lat_57_69_lon_11_89,2020-04-07,0.0
2091,lat_57_69_lon_11_89,2020-04-12,0.0
2092,lat_57_69_lon_11_89,2020-03-28,0.0
2093,lat_57_69_lon_11_89,2020-05-07,-1.0
2094,lat_57_69_lon_11_89,2020-03-23,-1.0
2095,lat_38_2_lon_15_56,2020-03-18,0.0
2096,lat_38_2_lon_15_56,2020-04-07,0.0
2097,lat_38_2_lon_15_56,2020-05-07,1.0
2098,lat_40_15_lon_26_39,2019-01-18,0.0
2099,lat_40_15_lon_26_39,2019-05-23,0.0
2100,lat_40_15_lon_26_39,2020-02-17,0.0
2101,lat_40_15_lon_26_39,2020-01-23,0.0
2102,lat_40_15_lon_26_39,2019-02-22,0.0
2103,lat_40_15_lon_26_39,2020-04-17,2.0
2104,lat_40_15_lon_26_39,2020-02-02,0.0
2105,lat_40_15_lon_26_39,2019-01-28,1.0
2106,lat_40_15_lon_26_39,2020-03-18,0.0
2107,lat_40_15_lon_26_39,2020-05-12,0.0
2108,lat_40_15_lon_26_39,2020-04-12,1.0
2109,lat_40_15_lon_26_39,2019-05-03,0.0
2110,lat_40_15_lon_26_39,2019-03-24,2.0
2111,lat_40_15_lon_26_39,2020-03-08,0.0
2112,lat_40_15_lon_26_39,2020-01-28,0.0
2113,lat_40_15_lon_26_39,2019-04-28,-1.0
2114,lat_40_15_lon_26_39,2019-05-18,1.0
2115,lat_40_15_lon_26_39,2019-03-29,1.0
2116,lat_40_15_lon_26_39,2019-05-28,0.0
2117,lat_40_15_lon_26_39,2020-03-03,1.0
2118,lat_40_15_lon_26_39,2020-04-27,3.0
2119,lat_40_15_lon_26_39,2019-03-04,0.0
2120,lat_40_15_lon_26_39,2019-04-03,0.0
2121,lat_40_15_lon_26_39,2020-03-13,2.0
2122,lat_53_56_lon_14_6,2020-04-02,0.0
2123,lat_53_56_lon_14_6,2020-04-27,1.0
2124,lat_53_56_lon_14_6,2020-05-07,0.0
2125,lat_53_56_lon_14_6,2020-04-17,0.0
2126,lat_53_56_lon_14_6,2020-04-22,0.0
2127,lat_53_56_lon_14_6,2020-04-07,0.0
2128,lat_53_56_lon_14_6,2020-03-13,0.0
2129,lat_53_56_lon_14_6,2020-02-07,0.0
2130,lat_53_345_lon_-6_16,2020-03-03,0.0
2131,lat_53_345_lon_-6_16,2020-01-23,0.0
2132,lat_53_345_lon_-6_16,2020-01-03,0.0
2133,lat_53_345_lon_-6_16,2020-02-27,0.0
2134,lat_53_345_lon_-6_16,2020-04-07,0.0
2135,lat_53_345_lon_-6_16,2020-03-08,0.0
2136,lat_53_345_lon_-6_16,2020-01-28,0.0
2137,lat_53_345_lon_-6_16,2020-02-02,1.0
2138,lat_53_345_lon_-6_16,2020-04-27,0.0
2139,lat_40_83_lon_14_28,2020-04-02,0.0
2140,lat_40_83_lon_14_28,2020-01-23,0.0
2141,lat_40_83_lon_14_28,2020-05-07,0.0
2142,lat_40_83_lon_14_28,2020-04-17,0.0
2143,lat_40_83_lon_14_28,2020-03-18,4.0
2144,lat_40_83_lon_14_28,2020-02-27,0.0
2145,lat_40_83_lon_14_28,2020-04-07,0.0
2146,lat_40_83_lon_14_28,2020-02-17,1.0
2147,lat_40_83_lon_14_28,2020-03-08,0.0
2148,lat_40_83_lon_14_28,2020-04-12,0.0
2149,lat_40_83_lon_14_28,2020-01-13,0.0
2150,lat_40_83_lon_14_28,2020-03-28,0.0
2151,lat_40_83_lon_14_28,2020-02-07,0.0
2152,lat_40_83_lon_14_28,2020-01-08,0.0
2153,lat_41_015_lon_29_0,2020-01-13,1.0
2154,lat_41_015_lon_29_0,2020-04-27,-1.0
2155,lat_41_015_lon_29_0,2020-01-18,-2.0
2156,lat_41_015_lon_29_0,2020-04-17,0.0
2157,lat_41_015_lon_29_0,2020-04-22,0.0
2158,lat_41_015_lon_29_0,2020-02-22,-2.0
2159,lat_41_015_lon_29_0,2020-01-23,2.0
2160,lat_41_015_lon_29_0,2020-02-17,1.0
2161,lat_41_015_lon_29_0,2020-03-18,1.0
2162,lat_41_015_lon_29_0,2020-04-07,-2.0
2163,lat_41_015_lon_29_0,2020-03-28,0.0
2164,lat_41_015_lon_29_0,2020-01-08,0.0
2165,lat_38_68_lon_-9_21,2020-02-17,0.0
2166,lat_38_68_lon_-9_21,2020-01-03,0.0
2167,lat_38_68_lon_-9_21,2020-04-22,0.0
2168,lat_38_68_lon_-9_21,2020-03-23,0.0
2169,lat_38_68_lon_-9_21,2020-04-12,1.0
2170,lat_38_68_lon_-9_21,2020-03-08,0.0
2171,lat_38_68_lon_-9_21,2020-03-13,0.0
2172,lat_38_68_lon_-9_21,2020-02-22,1.0
2173,lat_36_71_lon_14_84,2020-04-19,0.0
2174,lat_36_71_lon_14_84,2020-04-04,0.0
2175,lat_36_71_lon_14_84,2020-03-15,1.0
2176,lat_36_71_lon_14_84,2020-04-09,0.0
2177,lat_50_97_lon_1_84,2020-01-03,-1.0
2178,lat_50_97_lon_1_84,2020-01-28,1.0
2179,lat_50_97_lon_1_84,2020-03-23,0.0
2180,lat_50_97_lon_1_84,2020-04-07,0.0
2181,lat_50_97_lon_1_84,2020-03-08,0.0
2182,lat_43_5_lon_16_43,2020-02-17,0.0
2183,lat_43_5_lon_16_43,2020-02-22,0.0
2184,lat_43_5_lon_16_43,2020-04-02,0.0
2185,lat_43_5_lon_16_43,2020-02-12,-1.0
2186,lat_43_5_lon_16_43,2020-01-23,0.0
2187,lat_43_5_lon_16_43,2020-01-03,0.0
2188,lat_43_5_lon_16_43,2020-03-18,0.0
2189,lat_43_5_lon_16_43,2020-04-07,1.0
2190,lat_43_5_lon_16_43,2020-04-22,0.0
2191,lat_43_5_lon_16_43,2020-05-02,0.0
2192,lat_43_5_lon_16_43,2020-04-12,0.0
2193,lat_43_5_lon_16_43,2020-04-27,0.0
2194,lat_43_5_lon_16_43,2020-04-17,-1.0
2195,lat_43_5_lon_16_43,2020-03-23,1.0
2196,lat_45_33_lon_14_42,2020-02-17,0.0
2197,lat_45_33_lon_14_42,2020-04-02,0.0
2198,lat_45_33_lon_14_42,2020-01-23,0.0
2199,lat_45_33_lon_14_42,2020-04-07,0.0
2200,lat_45_33_lon_14_42,2020-03-13,0.0
2201,lat_45_33_lon_14_42,2020-05-02,0.0
2202,lat_45_33_lon_14_42,2020-04-12,0.0
2203,lat_45_33_lon_14_42,2020-04-17,1.0
2204,lat_45_33_lon_14_42,2020-02-07,0.0
2205,lat_45_33_lon_14_42,2020-03-23,-1.0
2206,lat_57_07_lon_24_01,2020-04-02,0.0
2207,lat_57_07_lon_24_01,2020-02-02,0.0
2208,lat_57_07_lon_24_01,2020-04-17,0.0
2209,lat_57_07_lon_24_01,2020-03-13,0.0
2210,lat_57_07_lon_24_01,2020-05-02,0.0
2211,lat_57_07_lon_24_01,2020-04-27,0.0
2212,lat_57_07_lon_24_01,2020-03-23,1.0
